fs,strategy,kind,test,t,p,sharpe,bonferroni,bh
FS01,Turtle Traders,primary,"L/S net mean, US",-3.9644356135546834,7.356980001649305e-05,-0.9072988881058904,False,True
FS01,Turtle Traders,primary,"long-only alpha vs EW, US",-1.3806971863439867,0.16737208679252746,0.31873712860023695,False,False
FS02,Lottery (MAX),primary,"L/S net mean, US",-2.1727394493454404,0.0297999328722216,-0.5981156386608766,False,False
FS02,Lottery (MAX),primary,"long-only alpha vs EW, US",0.2908247084040281,0.771185387153402,0.7746483422484771,False,False
FS01,Turtle Traders,primary,"L/S net mean, EU",-2.083543052083935,0.037201751710667086,-0.49394035381942,False,False
FS01,Turtle Traders,primary,"long-only alpha vs EW, EU",0.44794637312377833,0.6541918996807143,0.5502923903198262,False,False
FS02,Lottery (MAX),primary,"L/S net mean, EU",0.43406268447347357,0.6642429220067534,0.12588178249158843,False,False
FS02,Lottery (MAX),primary,"long-only alpha vs EW, EU",1.863716337806751,0.062361549821989826,0.8924007749385499,False,False
FS01,Turtle Traders,primary,"L/S net mean, UK",-0.5908042974157484,0.5546515552647027,-0.16654541769111134,False,False
FS01,Turtle Traders,primary,"long-only alpha vs EW, UK",1.0155529558669485,0.3098423168834801,0.5952289979135954,False,False
FS02,Lottery (MAX),primary,"L/S net mean, UK",-0.9194603499271605,0.35785483557462205,-0.2969683820237151,False,False
FS02,Lottery (MAX),primary,"long-only alpha vs EW, UK",1.5782409374964856,0.11451026880097603,0.8196142508538519,False,False
FS01,Turtle Traders,primary,"L/S net mean, DK",-1.3646186882852909,0.17237292790066672,-0.34683395319215243,False,False
FS01,Turtle Traders,primary,"long-only alpha vs EW, DK",-2.1758025622181036,0.029570027026701196,0.13450606762822245,False,False
FS02,Lottery (MAX),primary,"L/S net mean, DK",-0.809361872621624,0.41830702644134976,-0.21511760337372574,False,False
FS02,Lottery (MAX),primary,"long-only alpha vs EW, DK",-0.3989335491726026,0.6899421681819133,0.6661151332352088,False,False
FS01,Turtle Traders,primary,"L/S net mean, SCANDI",-3.2208239578940745,0.001278226376026259,-0.877823240324976,False,True
FS01,Turtle Traders,primary,"long-only alpha vs EW, SCANDI",-1.3609422340355828,0.17353194533409888,0.22994403677676822,False,False
FS02,Lottery (MAX),primary,"L/S net mean, SCANDI",-0.5323820833279366,0.5944613916780239,-0.1286669238019364,False,False
FS02,Lottery (MAX),primary,"long-only alpha vs EW, SCANDI",-0.3002890564592416,0.7639566799617206,0.7367033263129619,False,False
FS01,Turtle Traders,primary,"L/S net mean, World",-2.8937075006878463,0.003807226400534658,-0.7508593215172253,False,True
FS01,Turtle Traders,primary,"long-only alpha vs EW, World",-0.6644240807255837,0.5064189246811912,0.36042385075431554,False,False
FS02,Lottery (MAX),primary,"L/S net mean, World",-1.653355819778848,0.09825846877231248,-0.44098394161614046,False,False
FS02,Lottery (MAX),primary,"long-only alpha vs EW, World",0.09776879803739258,0.9221158842100488,0.6592282361017665,False,False
FS01,Turtle Traders,fix (holdout),"T1 long-only vs previous step, pooled holdout Sharpe",2.357543077911136,0.01839632073585283,,False,False
FS01,Turtle Traders,fix (holdout),"T2 + System 2 only vs previous step, pooled holdout Sharpe",1.6334255640528181,0.10237952409518096,,False,False
FS01,Turtle Traders,fix (holdout),"T3 + 4N stop vs previous step, pooled holdout Sharpe",0.9782829239068686,0.32793441311737653,,False,False
FS01,Turtle Traders,fix (holdout),"T4 + market trend filter vs previous step, pooled holdout Sharpe",-0.4227666708716957,0.6724655068986203,,False,False
FS01,Turtle Traders,fix (holdout),final vs EW holdout (pooled Sharpe difference),-0.18933529521410392,0.8498300339932013,,False,False
FS01,Turtle Traders,fix (holdout),T3 vs EW holdout (pooled Sharpe difference),-0.22287181514035398,0.823635272945411,,False,False
FS02,Lottery (MAX),fix (holdout),"L1 beta-neutral vs previous step, pooled holdout Sharpe",1.3377933592877915,0.1809638072385523,,False,False
FS02,Lottery (MAX),fix (holdout),"L2 + vol-scaled MAX vs previous step, pooled holdout Sharpe",-0.04111206195068716,0.9672065586882623,,False,False
FS02,Lottery (MAX),fix (holdout),"L3 + turnover buffer vs previous step, pooled holdout Sharpe",1.7269137013347349,0.08418316336732654,,False,False
FS02,Lottery (MAX),fix (holdout),L1 vs zero holdout,-0.6485137994726816,0.5166526884861102,,False,False
FS03,Momentum,primary,"L/S net mean, US",0.3115735018137,0.7553646749201595,0.075248941757874,False,False
FS03,Momentum,primary,"long-only alpha vs EW, US",1.7393706936365751,0.08196957972329422,0.8739159353689109,False,False
FS03,Momentum,primary,"L/S net mean, EU",1.9269752638410107,0.05398271272247479,0.49123870688715077,False,False
FS03,Momentum,primary,"long-only alpha vs EW, EU",1.8946228592203949,0.05814238412463468,0.9573864322863564,False,False
FS03,Momentum,primary,"L/S net mean, UK",1.521702182611061,0.1280837204859182,0.4054747165361709,False,False
FS03,Momentum,primary,"long-only alpha vs EW, UK",3.7071567189795687,0.0002095992455763973,1.12862528885564,False,True
FS03,Momentum,primary,"L/S net mean, DK",1.2897179805774066,0.1971485943228921,0.344043852220539,False,False
FS03,Momentum,primary,"long-only alpha vs EW, DK",2.63769465532597,0.008347170404258364,1.0728961091269142,False,False
FS03,Momentum,primary,"L/S net mean, SCANDI",-0.5350589525568303,0.5926090927124825,-0.1410211966300851,False,False
FS03,Momentum,primary,"long-only alpha vs EW, SCANDI",0.08651819767436779,0.9310544906592928,0.758688949762592,False,False
FS03,Momentum,primary,"L/S net mean, World",1.2163622132399237,0.22384697170591883,0.312704952049288,False,False
FS03,Momentum,primary,"long-only alpha vs EW, World",2.988799125709705,0.002800761983441813,0.9421890339334786,False,True
FS03,Momentum,fix (holdout),"X1 beta-neutral legs vs previous step, pooled holdout Sharpe",1.7496196703998368,0.08018396320735853,,False,False
FS03,Momentum,fix (holdout),"X2 + turnover buffer vs previous step, pooled holdout Sharpe",-0.6853844090914563,0.4931013797240552,,False,False
FS03,Momentum,fix (holdout),"X3 + volatility targeting vs previous step, pooled holdout Sharpe",2.604599892324221,0.009198160367926415,,False,False
FS04,Low volatility,primary,"L/S net mean, US",-1.3554185392026754,0.17528424624405048,-0.3353656486882327,False,False
FS04,Low volatility,primary,"long-only alpha vs EW, US",1.72884475695512,0.08383688335686901,0.8881222051009151,False,False
FS04,Low volatility,primary,"L/S net mean, EU",0.2774609390676386,0.7814261949104961,0.08119661985830867,False,False
FS04,Low volatility,primary,"long-only alpha vs EW, EU",2.6258792073045973,0.008642548141379658,1.0731297181827941,False,False
FS04,Low volatility,primary,"L/S net mean, UK",-0.9565849372136737,0.33877679456260923,-0.2809599051337009,False,False
FS04,Low volatility,primary,"long-only alpha vs EW, UK",2.8166733238429456,0.004852385302867912,0.9256444146381068,False,True
FS04,Low volatility,primary,"L/S net mean, DK",-0.20704819592324142,0.8359722190151282,-0.05883164633938029,False,False
FS04,Low volatility,primary,"long-only alpha vs EW, DK",2.3845143971293017,0.017101678826111133,1.0676195352492202,False,False
FS04,Low volatility,primary,"L/S net mean, SCANDI",-0.6330891580232606,0.5266754219764771,-0.1853257434138075,False,False
FS04,Low volatility,primary,"long-only alpha vs EW, SCANDI",2.5581010189383693,0.010524551396288384,1.133800270796971,False,False
FS04,Low volatility,primary,"L/S net mean, World",-1.0459055958768402,0.29560462051593084,-0.27448821961130887,False,False
FS04,Low volatility,primary,"long-only alpha vs EW, World",2.097709828576928,0.035930786122358116,0.8535952139321318,False,False
FS04,Low volatility,fix (holdout),"X1 beta-neutral legs vs previous step, pooled holdout Sharpe",1.804290598521165,0.07118576284743051,,False,False
FS04,Low volatility,fix (holdout),"X2 + turnover buffer vs previous step, pooled holdout Sharpe",-0.025815975892720215,0.9794041191761648,,False,False
FS04,Low volatility,fix (holdout),"X3 + volatility targeting vs previous step, pooled holdout Sharpe",1.264756001044422,0.20595880823835233,,False,False
FS06,Same-month seasonality,primary,"L/S net mean, US",-2.83390077940881,0.004598360688510272,-0.7035902734666997,False,True
FS06,Same-month seasonality,primary,"long-only alpha vs EW, US",-3.1654862831738164,0.001548239615041469,0.48735910953930967,False,True
FS06,Same-month seasonality,primary,"L/S net mean, EU",-3.1424555662277958,0.0016753713975512508,-0.7567855176511453,False,True
FS06,Same-month seasonality,primary,"long-only alpha vs EW, EU",-2.9168231361458288,0.003536162243451768,0.3621970537623354,False,True
FS06,Same-month seasonality,primary,"L/S net mean, UK",0.7875496819025112,0.4309601571125863,0.2435192136097346,False,False
FS06,Same-month seasonality,primary,"long-only alpha vs EW, UK",0.9924219582568281,0.32099173181601737,0.7647179164124971,False,False
FS06,Same-month seasonality,primary,"L/S net mean, DK",-3.4046804557042387,0.000662415172549391,-0.9405302092455241,False,True
FS06,Same-month seasonality,primary,"long-only alpha vs EW, DK",-2.2984573249819187,0.021535774071244296,0.3818806193505194,False,False
FS06,Same-month seasonality,primary,"L/S net mean, SCANDI",-2.220308589118198,0.02639782728807316,-0.6316601847716495,False,False
FS06,Same-month seasonality,primary,"long-only alpha vs EW, SCANDI",-1.2452133255891618,0.21305334560898803,0.6496576114722629,False,False
FS06,Same-month seasonality,primary,"L/S net mean, World",-1.0706116384225546,0.28434408819073176,-0.2677530186342188,False,False
FS06,Same-month seasonality,primary,"long-only alpha vs EW, World",-1.0389587178504942,0.29882393606511837,0.5829604145396838,False,False
FS06,Same-month seasonality,fix (holdout),"X1 beta-neutral legs vs previous step, pooled holdout Sharpe",-0.20159679167112046,0.8402319536092782,,False,False
FS06,Same-month seasonality,fix (holdout),"X2 + turnover buffer vs previous step, pooled holdout Sharpe",2.687516234688739,0.007198560287942412,,False,False
FS06,Same-month seasonality,fix (holdout),"X3 + volatility targeting vs previous step, pooled holdout Sharpe",1.5964967785933988,0.11037792441511697,,False,False
FS07,Size,primary,"L/S net mean, US",-0.5522461013324549,0.5807797527577214,-0.1334253572828204,False,False
FS07,Size,primary,"long-only alpha vs EW, US",-2.6602069066971032,0.007809266179185315,0.5275653758444,False,False
FS07,Size,primary,"L/S net mean, EU",-1.1928171927527822,0.23294097522711432,-0.3676394201495666,False,False
FS07,Size,primary,"long-only alpha vs EW, EU",-1.6116311029340347,0.10704223828048276,0.40894996421441615,False,False
FS07,Size,primary,"L/S net mean, UK",1.5247311917475808,0.12732615844111006,0.4345737648654964,False,False
FS07,Size,primary,"long-only alpha vs EW, UK",4.066637280296185,4.769639286905658e-05,1.0639152547623156,True,True
FS07,Size,primary,"L/S net mean, DK",-0.233281891847522,0.8155425189528,-0.05830863501890938,False,False
FS07,Size,primary,"long-only alpha vs EW, DK",-0.23208135210289785,0.8164748283620726,0.7132448464239007,False,False
FS07,Size,primary,"L/S net mean, SCANDI",-0.02373493353395572,0.9810640409177758,-0.005695513402553176,False,False
FS07,Size,primary,"long-only alpha vs EW, SCANDI",-0.9082126370036864,0.3637658887747337,0.714793189970202,False,False
FS07,Size,primary,"L/S net mean, World",-0.3751810778069908,0.70752580181766,-0.09610929465293969,False,False
FS07,Size,primary,"long-only alpha vs EW, World",-1.3074278181711916,0.191067454740786,0.5781223848193946,False,False
FS07,Size,fix (holdout),"X1 beta-neutral legs vs previous step, pooled holdout Sharpe",-0.007017213326824744,0.9944011197760448,,False,False
FS07,Size,fix (holdout),"X2 + turnover buffer vs previous step, pooled holdout Sharpe",2.3301913341891916,0.01979604079184163,,False,False
FS07,Size,fix (holdout),"X3 + volatility targeting vs previous step, pooled holdout Sharpe",-0.1484044412410009,0.8820235952809438,,False,False
FS08,Short-term reversal,primary,"L/S net mean, US",-1.615321953218797,0.10624099193754577,-0.31422048810971975,False,False
FS08,Short-term reversal,primary,"long-only alpha vs EW, US",-4.058465874590615,4.939614995924657e-05,0.4111738071152134,True,True
FS08,Short-term reversal,primary,"L/S net mean, EU",-2.9237843785715905,0.0034580419332539414,-0.7936501388851804,False,True
FS08,Short-term reversal,primary,"long-only alpha vs EW, EU",-3.3005906694676677,0.0009648153291010875,0.19282384354395637,False,True
FS08,Short-term reversal,primary,"L/S net mean, UK",-1.1670673381137173,0.243183176769028,-0.3178385799102363,False,False
FS08,Short-term reversal,primary,"long-only alpha vs EW, UK",-1.562842957048013,0.11808953745441353,0.3783527452297139,False,False
FS08,Short-term reversal,primary,"L/S net mean, DK",-1.7559211251877016,0.07910187730703289,-0.4183845288098058,False,False
FS08,Short-term reversal,primary,"long-only alpha vs EW, DK",-1.9817379622875975,0.04750857604210279,0.5565948930026473,False,False
FS08,Short-term reversal,primary,"L/S net mean, SCANDI",0.18916616025759073,0.849962588997057,0.05062590453357452,False,False
FS08,Short-term reversal,primary,"long-only alpha vs EW, SCANDI",-0.3762222806446316,0.706751652608931,0.7420857185561721,False,False
FS08,Short-term reversal,primary,"L/S net mean, World",-2.029655492452879,0.042391569967860976,-0.5003961841186159,False,False
FS08,Short-term reversal,primary,"long-only alpha vs EW, World",-3.8104271858173733,0.0001387268684558407,0.3307278941286563,False,True
FS08,Short-term reversal,fix (holdout),"X1 beta-neutral legs vs previous step, pooled holdout Sharpe",-0.09260829067770122,0.9262147570485902,,False,False
FS08,Short-term reversal,fix (holdout),"X2 + turnover buffer vs previous step, pooled holdout Sharpe",2.1890352074604373,0.028594281143771244,,False,False
FS08,Short-term reversal,fix (holdout),"X3 + volatility targeting vs previous step, pooled holdout Sharpe",-0.4695560016753808,0.6386722655468906,,False,False
FS09,52-week high,primary,"L/S net mean, US",-0.9980887609268972,0.3182363195479536,-0.24004946563033225,False,False
FS09,52-week high,primary,"long-only alpha vs EW, US",0.049907196768308126,0.9601963422604798,0.696474865281476,False,False
FS09,52-week high,primary,"L/S net mean, EU",1.7763229388306732,0.07567970446121675,0.42297487000974193,False,False
FS09,52-week high,primary,"long-only alpha vs EW, EU",4.09072901092865,4.300193531348029e-05,1.2547269097391207,True,True
FS09,52-week high,primary,"L/S net mean, UK",-0.13490619954343708,0.8926860378375729,-0.03624801504131788,False,False
FS09,52-week high,primary,"long-only alpha vs EW, UK",1.9352612545113865,0.05295824436015906,0.8982594843312579,False,False
FS09,52-week high,primary,"L/S net mean, DK",1.560247828082509,0.11870132711802439,0.3566898471445367,False,False
FS09,52-week high,primary,"long-only alpha vs EW, DK",3.752936941536831,0.00017477483088268464,1.1598240880023865,False,True
FS09,52-week high,primary,"L/S net mean, SCANDI",-0.28758304042898125,0.7736659284722487,-0.07327347636121913,False,False
FS09,52-week high,primary,"long-only alpha vs EW, SCANDI",2.260945246012998,0.02376264784320692,1.0421896147490592,False,False
FS09,52-week high,primary,"L/S net mean, World",-0.33955957543290244,0.7341882251844898,-0.08708422702370981,False,False
FS09,52-week high,primary,"long-only alpha vs EW, World",1.1477477222497463,0.2510727242422859,0.7367124946711395,False,False
FS09,52-week high,fix (holdout),"X1 beta-neutral legs vs previous step, pooled holdout Sharpe",1.3433330121901734,0.1791641671665667,,False,False
FS09,52-week high,fix (holdout),"X2 + turnover buffer vs previous step, pooled holdout Sharpe",1.0935664486344585,0.2741451709658068,,False,False
FS09,52-week high,fix (holdout),"X3 + volatility targeting vs previous step, pooled holdout Sharpe",3.1214480332260943,0.001799640071985603,,False,True
FS10,Betting against beta,primary,"L/S net mean, US",1.1747212599298875,0.24010625092683702,0.253780047792775,False,False
FS10,Betting against beta,primary,"long-only alpha vs EW, US",1.929910398609252,0.053617940760906535,0.9371312171793635,False,False
FS10,Betting against beta,primary,"L/S net mean, EU",1.5914457642559394,0.11150929200803272,0.358398325321788,False,False
FS10,Betting against beta,primary,"long-only alpha vs EW, EU",2.278348106001936,0.022705845623453236,0.9119715160723919,False,False
FS10,Betting against beta,primary,"L/S net mean, UK",2.796389178938739,0.005167713035853172,0.7751427753984266,False,True
FS10,Betting against beta,primary,"long-only alpha vs EW, UK",3.794610245659931,0.00014787556535988955,1.0055001855036623,False,True
FS10,Betting against beta,primary,"L/S net mean, DK",0.392766695192414,0.6944918052729683,0.10039874239242046,False,False
FS10,Betting against beta,primary,"long-only alpha vs EW, DK",1.2316648979093183,0.21807428735483048,0.8656853451818544,False,False
FS10,Betting against beta,primary,"L/S net mean, SCANDI",1.234493170062858,0.21701919020530558,0.306123056477195,False,False
FS10,Betting against beta,primary,"long-only alpha vs EW, SCANDI",2.438426827907769,0.014751344801828159,1.0541928789688564,False,False
FS10,Betting against beta,primary,"L/S net mean, World",2.116026651705261,0.034342540915592634,0.4431381384160184,False,False
FS10,Betting against beta,primary,"long-only alpha vs EW, World",2.3646579695480447,0.01804672909418037,0.8524569699851551,False,False
FS10,Betting against beta,fix (holdout),"X3 + volatility targeting vs previous step, pooled holdout Sharpe",0.8747248138455634,0.3817236552689462,,False,False
FS11,Residual momentum,primary,"L/S net mean, US",1.2209959299220425,0.22208756082396652,0.27685831623147444,False,False
FS11,Residual momentum,primary,"long-only alpha vs EW, US",2.3044094205631396,0.02119967168311221,0.9048956383643071,False,False
FS11,Residual momentum,primary,"L/S net mean, EU",0.7954913315717184,0.4263277513785839,0.23338855277400955,False,False
FS11,Residual momentum,primary,"long-only alpha vs EW, EU",1.8776558615455863,0.06042825853355205,0.86106273692241,False,False
FS11,Residual momentum,primary,"L/S net mean, UK",0.6267521062413639,0.530821742326661,0.1519429418122377,False,False
FS11,Residual momentum,primary,"long-only alpha vs EW, UK",1.2174217215672494,0.22344380268650554,0.6815578857798136,False,False
FS11,Residual momentum,primary,"L/S net mean, DK",1.4115298942693515,0.15808842736844708,0.4219042701407025,False,False
FS11,Residual momentum,primary,"long-only alpha vs EW, DK",1.6047481184568457,0.10854924776733266,0.7963876835964112,False,False
FS11,Residual momentum,primary,"L/S net mean, SCANDI",0.9246191855295017,0.3551640297545322,0.25948765543707936,False,False
FS11,Residual momentum,primary,"long-only alpha vs EW, SCANDI",2.0336021503565798,0.04199172485968106,0.9498347149511281,False,False
FS11,Residual momentum,primary,"L/S net mean, World",0.8293723800034856,0.40689372549346126,0.20203859301044408,False,False
FS11,Residual momentum,primary,"long-only alpha vs EW, World",1.8199334627375394,0.06876913823529596,0.7276706562594871,False,False
FS11,Residual momentum,fix (holdout),"X1 beta-neutral legs vs previous step, pooled holdout Sharpe",-0.49829469744442734,0.6182763447310538,,False,False
FS11,Residual momentum,fix (holdout),"X2 + turnover buffer vs previous step, pooled holdout Sharpe",1.857870809781658,0.0631873625274945,,False,False
FS11,Residual momentum,fix (holdout),"X3 + volatility targeting vs previous step, pooled holdout Sharpe",0.6819019697536419,0.4953009398120376,,False,False
FS12,Buy at the 52-week low,primary,"L/S net mean, US",-3.0675603285156696,0.0021581389310267873,-0.6216789099541759,False,True
FS12,Buy at the 52-week low,primary,"long-only alpha vs EW, US",-2.9395967743323106,0.0032863962445259798,0.4713053488072973,False,True
FS12,Buy at the 52-week low,primary,"L/S net mean, EU",-3.4745151674197725,0.0005117774300313904,-0.9623889081422918,False,True
FS12,Buy at the 52-week low,primary,"long-only alpha vs EW, EU",-4.986381958006771,6.152046416740831e-07,0.10618480738106602,True,True
FS12,Buy at the 52-week low,primary,"L/S net mean, UK",-2.638524051223639,0.008326779357096248,-0.6399575520909095,False,False
FS12,Buy at the 52-week low,primary,"long-only alpha vs EW, UK",-1.404223336749307,0.16025235471139698,0.4412373722416377,False,False
FS12,Buy at the 52-week low,primary,"L/S net mean, DK",-1.9554976868878207,0.05052435611796113,-0.510639637837392,False,False
FS12,Buy at the 52-week low,primary,"long-only alpha vs EW, DK",-1.2189691666299236,0.2228558954767732,0.5983750454553691,False,False
FS12,Buy at the 52-week low,primary,"L/S net mean, SCANDI",-1.6224913126796612,0.10469819171719674,-0.40963937587116744,False,False
FS12,Buy at the 52-week low,primary,"long-only alpha vs EW, SCANDI",-2.393171580000805,0.016703427779043212,0.5097488022290277,False,False
FS12,Buy at the 52-week low,primary,"L/S net mean, World",-3.269141691300185,0.0010787426731893035,-0.7752210732098397,False,True
FS12,Buy at the 52-week low,primary,"long-only alpha vs EW, World",-4.175185732556877,2.9774303061724794e-05,0.3300221027606338,True,True
FS12,Buy at the 52-week low,fix (holdout),"X1 beta-neutral legs vs previous step, pooled holdout Sharpe",1.7781152821635977,0.07538492301539693,,False,False
FS12,Buy at the 52-week low,fix (holdout),"X2 + turnover buffer vs previous step, pooled holdout Sharpe",-0.6027264813436058,0.5466906618676265,,False,False
FS12,Buy at the 52-week low,fix (holdout),"X3 + volatility targeting vs previous step, pooled holdout Sharpe",-0.07324434658070902,0.9416116776644671,,False,False
FS13,Low MAX (1 day),battery,"L/S net, 6-market average",-1.252776820085979,0.21028693974801183,-0.3497362527620559,False,False
FS13,Low MAX (1 day),battery,"beta-neutral, financed, 6-market average",0.24832602658612418,0.8038821632412958,0.06649567101308573,False,False
FS13,Low MAX (5 days),battery,"L/S net, 6-market average",-1.1811071979051377,0.23756014088148802,-0.33774618982123417,False,False
FS13,Low MAX (5 days),battery,"beta-neutral, financed, 6-market average",0.551134818661904,0.5815412584260562,0.15379847976523997,False,False
FS13,Mild worst day (MIN),battery,"L/S net, 6-market average",-1.4273997095855353,0.1534647145056296,-0.3721873966769124,False,False
FS13,Mild worst day (MIN),battery,"beta-neutral, financed, 6-market average",-0.004873458831252009,0.9961115578329816,-0.0013310994647762705,False,False
FS13,Mild worst 5 days,battery,"L/S net, 6-market average",-1.1141065737720628,0.26523346880642995,-0.30229710277499394,False,False
FS13,Mild worst 5 days,battery,"beta-neutral, financed, 6-market average",0.22587240769997458,0.8213006587330178,0.06293143874661913,False,False
FS13,Narrow daily range,battery,"L/S net, 6-market average",-0.9592695049319746,0.33742299374312834,-0.25421072158807245,False,False
FS13,Narrow daily range,battery,"beta-neutral, financed, 6-market average",0.6455909825355312,0.5185442787747507,0.17160268930984926,False,False
FS13,Low net tail,battery,"L/S net, 6-market average",-2.0372371735222594,0.041626280315959274,-0.5251944763570369,False,False
FS13,Low net tail,battery,"beta-neutral, financed, 6-market average",-2.350856082235248,0.018730276738027296,-0.6141560469795941,False,False
FS13,Low skewness,battery,"L/S net, 6-market average",-2.4506477843294197,0.014259941201318682,-0.8006804473557326,False,False
FS13,Low skewness,battery,"beta-neutral, financed, 6-market average",-2.9106380708366193,0.003606915630933738,-0.8076511672646502,False,True
FS13,Low idiosyncratic vol,battery,"L/S net, 6-market average",-0.03761829012808014,0.9699920248296208,-0.010351102219362883,False,False
FS13,Low idiosyncratic vol,battery,"beta-neutral, financed, 6-market average",1.1791647350469479,0.23833258542730684,0.31814424431412686,False,False
FS13,Low volatility (63d),battery,"L/S net, 6-market average",-0.6875968323214398,0.4917067035537457,-0.18184845911445158,False,False
FS13,Low volatility (63d),battery,"beta-neutral, financed, 6-market average",1.3168423639415108,0.18789146923516853,0.3428297707392934,False,False
FS13,Low volatility (252d),battery,"L/S net, 6-market average",-0.8206622989737183,0.41183865112848994,-0.22648430161968483,False,False
FS13,Low volatility (252d),battery,"beta-neutral, financed, 6-market average",1.7301585799709194,0.08360194638373164,0.41918928695097074,False,False
FS13,Low beta,battery,"L/S net, 6-market average",-1.2141912730633144,0.22467469223620062,-0.296776913901907,False,False
FS13,Low beta,battery,"beta-neutral, financed, 6-market average",2.3887545904485017,0.016905590695690975,0.47958383328180515,False,False
FS13,Short-term reversal,battery,"L/S net, 6-market average",-1.9875743974436615,0.046858780207212014,-0.5201088201183067,False,False
FS13,Short-term reversal,battery,"beta-neutral, financed, 6-market average",-2.418437514099157,0.015587322448253893,-0.7140228055807228,False,False
FS13,Momentum 12-1,battery,"L/S net, 6-market average",1.3136760885509653,0.18895523101802847,0.32959240079661345,False,False
FS13,Momentum 12-1,battery,"beta-neutral, financed, 6-market average",2.156919234864418,0.031011957939382384,0.5478904667252789,False,False
FS13,Residual momentum,battery,"L/S net, 6-market average",1.269089987184137,0.20440897104403066,0.3526732139927533,False,False
FS13,Residual momentum,battery,"beta-neutral, financed, 6-market average",1.2414102863613432,0.21445422110674062,0.35574358760010744,False,False
FS13,Same-month seasonality,battery,"L/S net, 6-market average",-2.8440400848613767,0.00445454434264847,-0.783195411692172,False,True
FS13,Same-month seasonality,battery,"beta-neutral, financed, 6-market average",-3.415027599252177,0.0006377554909897665,-0.9006784189052202,False,True
FS13,Near 52-week high,battery,"L/S net, 6-market average",0.19010715173154816,0.8492251660087962,0.047876715747089384,False,False
FS13,Near 52-week high,battery,"beta-neutral, financed, 6-market average",1.1029082024145616,0.27006703182771785,0.29590913522750417,False,False
FS13,Far above 52-week low,battery,"L/S net, 6-market average",1.7449177607530755,0.08099918528924865,0.4380730900179771,False,False
FS13,Far above 52-week low,battery,"beta-neutral, financed, 6-market average",0.32097775471052215,0.7482272488481199,0.08452302752227325,False,False
FS13,Near 55-day high,battery,"L/S net, 6-market average",-0.6644841284830265,0.5063805038718898,-0.15760861403979254,False,False
FS13,Near 55-day high,battery,"beta-neutral, financed, 6-market average",0.09515403851285241,0.9241924762253353,0.02558039210007435,False,False
FS13,Small size,battery,"L/S net, 6-market average",-0.3651779994195938,0.7149785398680013,-0.09353873570270702,False,False
FS13,Small size,battery,"beta-neutral, financed, 6-market average",-0.5304005117839462,0.5958342712527693,-0.1542035583046906,False,False
FS13b,Debt growth,battery,"L/S net, US",-1.1929369876327411,0.23289405205079516,,False,False
FS13b,Debt growth,battery,"beta-neutral, financed, US",-1.5842284195670608,0.11314174820094758,,False,False
FS13b,Debt growth,battery,"long-only alpha vs EW, US",0.42559974214679896,0.6703995282083262,,False,False
FS13b,Net operating assets,battery,"L/S net, US",1.7134935267235303,0.08662178324290837,,False,False
FS13b,Net operating assets,battery,"beta-neutral, financed, US",0.8090874243261179,0.41846486129633975,,False,False
FS13b,Net operating assets,battery,"long-only alpha vs EW, US",0.9078328277974378,0.3639665514052708,,False,False
FS13b,Net financial asset growth,battery,"L/S net, US",-0.15630767562076991,0.8757905064353044,,False,False
FS13b,Net financial asset growth,battery,"beta-neutral, financed, US",-0.6044716904429357,0.5455300851933202,,False,False
FS13b,Net financial asset growth,battery,"long-only alpha vs EW, US",2.2029121100147115,0.027600943916323617,,False,False
FS13b,Sales surprise,battery,"L/S net, US",0.12199488113514635,0.9029030722532083,,False,False
FS13b,Sales surprise,battery,"beta-neutral, financed, US",0.9482685020059393,0.34299278167320724,,False,False
FS13b,Sales surprise,battery,"long-only alpha vs EW, US",1.5733688789335736,0.11563342876660565,,False,False
FS13b,Earnings change / equity,battery,"L/S net, US",1.688645612575994,0.09128736405708548,,False,False
FS13b,Earnings change / equity,battery,"beta-neutral, financed, US",2.210379039076684,0.027078867284638264,,False,False
FS13b,Earnings change / equity,battery,"long-only alpha vs EW, US",1.9835647319727603,0.047304384117300646,,False,False
FS13b,Earnings change / assets,battery,"L/S net, US",2.018195686217257,0.04357088524630637,,False,False
FS13b,Earnings change / assets,battery,"beta-neutral, financed, US",2.4235951783773486,0.015367725665737852,,False,False
FS13b,Earnings change / assets,battery,"long-only alpha vs EW, US",1.9380050640397952,0.052622604719645194,,False,False
FS13b,Book-to-market,battery,"L/S net, US",-1.3729543788632015,0.1697665297357882,,False,False
FS13b,Book-to-market,battery,"beta-neutral, financed, US",-2.7794913627317372,0.00544441013916841,,False,True
FS13b,Book-to-market,battery,"long-only alpha vs EW, US",-2.551560858870916,0.01072415927869863,,False,False
FS13b,Earnings yield,battery,"L/S net, US",-1.4637444221980354,0.14326379307416515,,False,False
FS13b,Earnings yield,battery,"beta-neutral, financed, US",-0.8866814283458442,0.375250439860215,,False,False
FS13b,Earnings yield,battery,"long-only alpha vs EW, US",-2.2225760234908365,0.026244402453644122,,False,False
FS13b,Cash-flow yield,battery,"L/S net, US",-1.2170556079810484,0.22358305915033339,,False,False
FS13b,Cash-flow yield,battery,"beta-neutral, financed, US",-1.7021582855878647,0.08872570015332348,,False,False
FS13b,Cash-flow yield,battery,"long-only alpha vs EW, US",-1.967821691491839,0.04908855745023999,,False,False
FS13b,Gross profitability,battery,"L/S net, US",-0.1315839678051791,0.8953133670900946,,False,False
FS13b,Gross profitability,battery,"beta-neutral, financed, US",1.343515088062277,0.17910524378166048,,False,False
FS13b,Gross profitability,battery,"long-only alpha vs EW, US",0.6744309506338207,0.5000373709877759,,False,False
FS13b,Operating profitability,battery,"L/S net, US",-1.0664032769312757,0.28624138100557506,,False,False
FS13b,Operating profitability,battery,"beta-neutral, financed, US",0.3014697592217285,0.7630563066329048,,False,False
FS13b,Operating profitability,battery,"long-only alpha vs EW, US",1.2811327895370204,0.20014702842757348,,False,False
FS13b,Asset growth,battery,"L/S net, US",-1.1715781479095049,0.24136646560601438,,False,False
FS13b,Asset growth,battery,"beta-neutral, financed, US",-2.186153306496216,0.02880439111227595,,False,False
FS13b,Asset growth,battery,"long-only alpha vs EW, US",-1.5566671792735325,0.11954952487261727,,False,False
FS13b,Capex growth,battery,"L/S net, US",-0.3764857324574397,0.7065558204513649,,False,False
FS13b,Capex growth,battery,"beta-neutral, financed, US",-1.886340279319784,0.05924911468155236,,False,False
FS13b,Capex growth,battery,"long-only alpha vs EW, US",-0.4555870064441334,0.6486869885018485,,False,False
FS13b,Accruals,battery,"L/S net, US",1.0371354641821549,0.2996727293622161,,False,False
FS13b,Accruals,battery,"beta-neutral, financed, US",0.5227680976884763,0.601135642795025,,False,False
FS13b,Accruals,battery,"long-only alpha vs EW, US",0.44491534646268627,0.6563809317721181,,False,False
FS13b,Debt issuance (composite),battery,"L/S net, US",1.8839450165926372,0.05957241318582418,,False,False
FS13b,Debt issuance (composite),battery,"beta-neutral, financed, US",0.8300566322915048,0.4065067651360428,,False,False
FS13b,Debt issuance (composite),battery,"long-only alpha vs EW, US",2.4957773898345392,0.012568144667664205,,False,False
FS13b,Profit growth (composite),battery,"L/S net, US",1.5278398970519058,0.12655229376685773,,False,False
FS13b,Profit growth (composite),battery,"beta-neutral, financed, US",3.0123935998738234,0.002591962822777516,,False,True
FS13b,Profit growth (composite),battery,"long-only alpha vs EW, US",3.4243366384659204,0.0006163022542771124,,False,True
FS13b,Value (composite),battery,"L/S net, US",-1.8378469195086669,0.06608496559797117,,False,False
FS13b,Value (composite),battery,"beta-neutral, financed, US",-2.259605926215293,0.023845719472759264,,False,False
FS13b,Value (composite),battery,"long-only alpha vs EW, US",-1.6931924608160978,0.09041883917740168,,False,False
FS13b,Profitability (composite),battery,"L/S net, US",-0.17844561621201752,0.8583730275816861,,False,False
FS13b,Profitability (composite),battery,"beta-neutral, financed, US",1.374620035008156,0.16924927394557132,,False,False
FS13b,Profitability (composite),battery,"long-only alpha vs EW, US",0.7058354414834682,0.48029047892115173,,False,False
FS13b,Investment (composite),battery,"L/S net, US",-1.4262443906119158,0.15379781021896122,,False,False
FS13b,Investment (composite),battery,"beta-neutral, financed, US",-2.8296055259733213,0.004660542772762399,,False,True
FS13b,Investment (composite),battery,"long-only alpha vs EW, US",-1.7544336026634693,0.07935623775038603,,False,False
FS13b,Accruals (composite),battery,"L/S net, US",1.0365209045928985,0.2999591920241458,,False,False
FS13b,Accruals (composite),battery,"beta-neutral, financed, US",0.5227985019359402,0.6011144822201229,,False,False
FS13b,Accruals (composite),battery,"long-only alpha vs EW, US",0.44491534646268627,0.6563809317721181,,False,False
FS13c,Low beta,fama-macbeth,"multivariate slope, US",-0.9325032302229367,0.35107651808850093,,False,False
FS13c,Low volatility (252d),fama-macbeth,"multivariate slope, US",0.9454786766747827,0.3444145520016284,,False,False
FS13c,Low MAX (1 day),fama-macbeth,"multivariate slope, US",0.04363299409261425,0.9651969512509282,,False,False
FS13c,Momentum 12-1,fama-macbeth,"multivariate slope, US",1.8136348033959453,0.06973396854812108,,False,False
FS13c,Residual momentum,fama-macbeth,"multivariate slope, US",0.5687273694706132,0.5695411709115636,,False,False
FS13c,Near 52-week high,fama-macbeth,"multivariate slope, US",-0.7481552890119771,0.45436649610619373,,False,False
FS13c,Short-term reversal,fama-macbeth,"multivariate slope, US",-0.25672951083926104,0.7973875885372617,,False,False
FS13c,Same-month seasonality,fama-macbeth,"multivariate slope, US",-1.9418214695983265,0.05215871683817053,,False,False
FS13c,Low skewness,fama-macbeth,"multivariate slope, US",0.0788857872528955,0.9371234681384162,,False,False
FS13c,Small size,fama-macbeth,"multivariate slope, US",-1.3048376449207475,0.191948137556037,,False,False
FS13c,Debt issuance (fund.),fama-macbeth,"multivariate slope, US",2.1571648869781974,0.030992819290472484,,False,False
FS13c,Profit growth (fund.),fama-macbeth,"multivariate slope, US",-0.13423789233645453,0.8932144633055723,,False,False
FS13c,Value (fund.),fama-macbeth,"multivariate slope, US",-0.1805167687149187,0.8567468911040637,,False,False
FS13c,Profitability (fund.),fama-macbeth,"multivariate slope, US",0.8743319793477973,0.3819374886429343,,False,False
FS13c,Investment (fund.),fama-macbeth,"multivariate slope, US",-1.0742926407718656,0.2826915423561185,,False,False
FS13c,Accruals (fund.),fama-macbeth,"multivariate slope, US",1.4749308559863215,0.14023113369801243,,False,False
FS13c,Low beta,fama-macbeth,"multivariate slope, EU",-0.705667449447905,0.48039496801138726,,False,False
FS13c,Low volatility (252d),fama-macbeth,"multivariate slope, EU",-0.29096692962595927,0.7710766120799275,,False,False
FS13c,Low MAX (1 day),fama-macbeth,"multivariate slope, EU",0.8603703758620194,0.3895849103286757,,False,False
FS13c,Momentum 12-1,fama-macbeth,"multivariate slope, EU",3.7616599102477077,0.00016878945338461016,,False,True
FS13c,Residual momentum,fama-macbeth,"multivariate slope, EU",-0.8149376153018228,0.41510802046954387,,False,False
FS13c,Near 52-week high,fama-macbeth,"multivariate slope, EU",0.35548416307598507,0.7222269072244036,,False,False
FS13c,Short-term reversal,fama-macbeth,"multivariate slope, EU",-0.89813723273964,0.3691123913287542,,False,False
FS13c,Same-month seasonality,fama-macbeth,"multivariate slope, EU",-1.5128452717204115,0.13031896621442218,,False,False
FS13c,Low skewness,fama-macbeth,"multivariate slope, EU",1.0194477497845316,0.3079904468561836,,False,False
FS13c,Small size,fama-macbeth,"multivariate slope, EU",-0.460326973727153,0.6452815427618179,,False,False
FS13c,Low beta,fama-macbeth,"multivariate slope, UK",0.7005438699826716,0.4835877180261332,,False,False
FS13c,Low volatility (252d),fama-macbeth,"multivariate slope, UK",-2.9634430558053166,0.0030421834353866473,,False,True
FS13c,Low MAX (1 day),fama-macbeth,"multivariate slope, UK",1.8252528356592754,0.06796288394083394,,False,False
FS13c,Momentum 12-1,fama-macbeth,"multivariate slope, UK",1.7812010490923174,0.07487961235024843,,False,False
FS13c,Residual momentum,fama-macbeth,"multivariate slope, UK",-0.24959445737619104,0.8029009853296811,,False,False
FS13c,Near 52-week high,fama-macbeth,"multivariate slope, UK",-0.24465558880920923,0.8067231180650012,,False,False
FS13c,Short-term reversal,fama-macbeth,"multivariate slope, UK",0.25323489571375274,0.8000867022315945,,False,False
FS13c,Same-month seasonality,fama-macbeth,"multivariate slope, UK",1.611510757091245,0.10706844452802255,,False,False
FS13c,Low skewness,fama-macbeth,"multivariate slope, UK",-1.6749105303405973,0.09395178722036213,,False,False
FS13c,Small size,fama-macbeth,"multivariate slope, UK",2.1855912189438405,0.02884552562717002,,False,False
FS13c,Low beta,fama-macbeth,"multivariate slope, SCANDI",-1.1986004857781782,0.23068332922132972,,False,False
FS13c,Low volatility (252d),fama-macbeth,"multivariate slope, SCANDI",-1.1454766127710962,0.25201177800404473,,False,False
FS13c,Low MAX (1 day),fama-macbeth,"multivariate slope, SCANDI",1.6172808662941522,0.10581766752129518,,False,False
FS13c,Momentum 12-1,fama-macbeth,"multivariate slope, SCANDI",0.718878788616469,0.472215606807306,,False,False
FS13c,Residual momentum,fama-macbeth,"multivariate slope, SCANDI",-0.18013772633313324,0.8570444456951454,,False,False
FS13c,Near 52-week high,fama-macbeth,"multivariate slope, SCANDI",1.2412671199636582,0.21450708683837627,,False,False
FS13c,Short-term reversal,fama-macbeth,"multivariate slope, SCANDI",0.5185835154653442,0.6040512069595736,,False,False
FS13c,Same-month seasonality,fama-macbeth,"multivariate slope, SCANDI",-0.38464471124465677,0.7005006632201081,,False,False
FS13c,Low skewness,fama-macbeth,"multivariate slope, SCANDI",0.5132475315682856,0.6077781809950757,,False,False
FS13c,Small size,fama-macbeth,"multivariate slope, SCANDI",0.20020461865132483,0.8413205551400598,,False,False
FS13c,Low beta,fama-macbeth,"multivariate slope, World",-0.7547411452297987,0.45040431363974287,,False,False
FS13c,Low volatility (252d),fama-macbeth,"multivariate slope, World",0.14209485876706246,0.8870050790814701,,False,False
FS13c,Low MAX (1 day),fama-macbeth,"multivariate slope, World",0.13861697372041445,0.8897528297149258,,False,False
FS13c,Momentum 12-1,fama-macbeth,"multivariate slope, World",2.7927620146242407,0.00522601247298371,,False,True
FS13c,Residual momentum,fama-macbeth,"multivariate slope, World",-0.18533693959104205,0.8529647662833146,,False,False
FS13c,Near 52-week high,fama-macbeth,"multivariate slope, World",-0.6948025586781116,0.4871790444797619,,False,False
FS13c,Short-term reversal,fama-macbeth,"multivariate slope, World",-0.43822657478001453,0.6612220461730591,,False,False
FS13c,Same-month seasonality,fama-macbeth,"multivariate slope, World",0.8771543219101439,0.38040282263486924,,False,False
FS13c,Low skewness,fama-macbeth,"multivariate slope, World",0.03174867703639185,0.9746724757714953,,False,False
FS13c,Small size,fama-macbeth,"multivariate slope, World",0.7513383895083091,0.4524490310669218,,False,False
FS13c,Low beta,fama-macbeth,"multivariate slope, market average",-0.7838649250542689,0.43311937266762746,,False,False
FS13c,Low volatility (252d),fama-macbeth,"multivariate slope, market average",-1.131626759404704,0.2577913850186353,,False,False
FS13c,Low MAX (1 day),fama-macbeth,"multivariate slope, market average",1.51514505977163,0.12973567271034314,,False,False
FS13c,Momentum 12-1,fama-macbeth,"multivariate slope, market average",2.674475277381283,0.0074846294530257484,,False,False
FS13c,Residual momentum,fama-macbeth,"multivariate slope, market average",-0.2753904805833759,0.7830162568459589,,False,False
FS13c,Near 52-week high,fama-macbeth,"multivariate slope, market average",0.29229195438918715,0.7700634098265204,,False,False
FS13c,Short-term reversal,fama-macbeth,"multivariate slope, market average",-0.08010909780414512,0.9361504870039485,,False,False
FS13c,Same-month seasonality,fama-macbeth,"multivariate slope, market average",-0.3279180819465757,0.7429736015894182,,False,False
FS13c,Low skewness,fama-macbeth,"multivariate slope, market average",0.1418429489765882,0.8872040586421,,False,False
FS13c,Small size,fama-macbeth,"multivariate slope, market average",0.4667688112281641,0.6406652922817109,,False,False
FS14,Multifactor EQ,multifactor,"net return vs zero, US",-0.6557774039652016,0.5119673571626691,-0.16777605452763283,False,False
FS14,Multifactor RP,multifactor,"net return vs zero, US",-0.5430117044854649,0.5871217437263501,-0.14381591555002773,False,False
FS14,Multifactor W12-E,multifactor,"net return vs zero, US",-0.6860997569391915,0.4926502041972072,-0.17461684465459232,False,False
FS14,Multifactor W12-L,multifactor,"net return vs zero, US",-1.2701945445020957,0.2040153404647942,-0.32059887221298083,False,False
FS14,Multifactor W12-X,multifactor,"net return vs zero, US",-1.2495365082774539,0.21146890906242666,-0.3139629179382922,False,False
FS14,Multifactor W36-E,multifactor,"net return vs zero, US",-0.12037086733668154,0.9041893680762969,-0.03375445593368523,False,False
FS14,Multifactor W36-L,multifactor,"net return vs zero, US",-0.4242432004188152,0.671388458009279,-0.11296322823976106,False,False
FS14,Multifactor W36-X,multifactor,"net return vs zero, US",-0.4809090225586177,0.6305811599399487,-0.12741738134942646,False,False
FS14,Multifactor W60-E,multifactor,"net return vs zero, US",-0.19956140138846332,0.841823617721372,-0.054032165261784414,False,False
FS14,Multifactor W60-L,multifactor,"net return vs zero, US",-0.2916352026990137,0.7705655570082528,-0.07908759933099155,False,False
FS14,Multifactor W60-X,multifactor,"net return vs zero, US",-0.3600521929975334,0.7188081029001114,-0.0963988342995228,False,False
FS14,Multifactor EQ,multifactor,"net return vs zero, EU",1.1070772472337667,0.2682605317838602,0.2882346915864973,False,False
FS14,Multifactor RP,multifactor,"net return vs zero, EU",1.14409007827032,0.2525862819502729,0.30475291401004473,False,False
FS14,Multifactor W12-E,multifactor,"net return vs zero, EU",1.1747567463134803,0.24009204936642448,0.3058272965780755,False,False
FS14,Multifactor W12-L,multifactor,"net return vs zero, EU",0.9609066841932586,0.3365990896417528,0.26539416169628766,False,False
FS14,Multifactor W12-X,multifactor,"net return vs zero, EU",0.8383670856878964,0.40182456915234877,0.23883729967099174,False,False
FS14,Multifactor W36-E,multifactor,"net return vs zero, EU",1.228827196587097,0.2191366023475081,0.32613384562048886,False,False
FS14,Multifactor W36-L,multifactor,"net return vs zero, EU",1.1712568388918754,0.241495554660216,0.3098742397484413,False,False
FS14,Multifactor W36-X,multifactor,"net return vs zero, EU",1.1862653486172237,0.2355175263478455,0.3165024489455372,False,False
FS14,Multifactor W60-E,multifactor,"net return vs zero, EU",0.8477889547995181,0.3965555154048819,0.21888261959272287,False,False
FS14,Multifactor W60-L,multifactor,"net return vs zero, EU",1.0273367421432524,0.3042619269718454,0.2699456769592542,False,False
FS14,Multifactor W60-X,multifactor,"net return vs zero, EU",1.060641566158205,0.2888528249347413,0.2782462705877692,False,False
FS14,Multifactor EQ,multifactor,"net return vs zero, UK",0.8865038920821832,0.3753460577816181,0.3047462499705424,False,False
FS14,Multifactor RP,multifactor,"net return vs zero, UK",1.0435342346810301,0.2967009337580975,0.3693247805437519,False,False
FS14,Multifactor W12-E,multifactor,"net return vs zero, UK",1.1731708792725775,0.24072728736896387,0.437884601758848,False,False
FS14,Multifactor W12-L,multifactor,"net return vs zero, UK",1.0227527294536816,0.30642477326854456,0.3524781996012364,False,False
FS14,Multifactor W12-X,multifactor,"net return vs zero, UK",1.0677922230777688,0.28561424688570214,0.3699528388788995,False,False
FS14,Multifactor W36-E,multifactor,"net return vs zero, UK",1.2872323561164525,0.198013312707223,0.4699485881112229,False,False
FS14,Multifactor W36-L,multifactor,"net return vs zero, UK",1.2173326387391459,0.2234776808830583,0.4495408300550783,False,False
FS14,Multifactor W36-X,multifactor,"net return vs zero, UK",1.2629233444096661,0.2066167295110839,0.4664400846979316,False,False
FS14,Multifactor W60-E,multifactor,"net return vs zero, UK",1.1666631724958108,0.2433464207874798,0.424749572877011,False,False
FS14,Multifactor W60-L,multifactor,"net return vs zero, UK",1.1867472033964053,0.23532734979609393,0.43387918500669204,False,False
FS14,Multifactor W60-X,multifactor,"net return vs zero, UK",1.1944748624261872,0.23229226809133285,0.43648253758090055,False,False
FS14,Multifactor EQ,multifactor,"net return vs zero, DK",-0.5349673943842955,0.5926724040002422,-0.11519263092628568,False,False
FS14,Multifactor RP,multifactor,"net return vs zero, DK",-0.48042392250640975,0.6309259872267734,-0.10294177421214305,False,False
FS14,Multifactor W12-E,multifactor,"net return vs zero, DK",-0.06040597459472012,0.9518323003105582,-0.014134372990129731,False,False
FS14,Multifactor W12-L,multifactor,"net return vs zero, DK",-0.16693607957233916,0.8674203440659682,-0.04075822931570824,False,False
FS14,Multifactor W12-X,multifactor,"net return vs zero, DK",-0.22881271798563813,0.8190144814810039,-0.055885964932997315,False,False
FS14,Multifactor W36-E,multifactor,"net return vs zero, DK",-0.36808241984820517,0.7128117790321631,-0.08102480896142723,False,False
FS14,Multifactor W36-L,multifactor,"net return vs zero, DK",-0.06608151549508878,0.9473129271786753,-0.015417889151248438,False,False
FS14,Multifactor W36-X,multifactor,"net return vs zero, DK",-0.08555017364746792,0.9318240088373413,-0.01986880562395911,False,False
FS14,Multifactor W60-E,multifactor,"net return vs zero, DK",-0.221387741171734,0.8247905367596959,-0.05306276347149415,False,False
FS14,Multifactor W60-L,multifactor,"net return vs zero, DK",-0.07370571560786669,0.9412445507647955,-0.01718941352331919,False,False
FS14,Multifactor W60-X,multifactor,"net return vs zero, DK",-0.08686650022350055,0.9307776277817263,-0.020520729399081207,False,False
FS14,Multifactor EQ,multifactor,"net return vs zero, SCANDI",0.4458238857380645,0.6557244665680027,0.163227591468801,False,False
FS14,Multifactor RP,multifactor,"net return vs zero, SCANDI",0.4841966978620672,0.62824628019025,0.17483960339167268,False,False
FS14,Multifactor W12-E,multifactor,"net return vs zero, SCANDI",0.5560931819986535,0.5781471557448352,0.19800303601236516,False,False
FS14,Multifactor W12-L,multifactor,"net return vs zero, SCANDI",0.551920159657885,0.5810030556711223,0.1968344157063288,False,False
FS14,Multifactor W12-X,multifactor,"net return vs zero, SCANDI",0.5510882939849708,0.5815731496076368,0.1964704574550325,False,False
FS14,Multifactor W36-E,multifactor,"net return vs zero, SCANDI",0.3354791003760718,0.7372637076799202,0.12031073209913885,False,False
FS14,Multifactor W36-L,multifactor,"net return vs zero, SCANDI",0.41579802858265014,0.6775578015650006,0.14730669359456858,False,False
FS14,Multifactor W36-X,multifactor,"net return vs zero, SCANDI",0.40830483493338765,0.6830498901024216,0.14555255489700125,False,False
FS14,Multifactor W60-E,multifactor,"net return vs zero, SCANDI",0.24283958258022623,0.8081296707205983,0.08418240019053728,False,False
FS14,Multifactor W60-L,multifactor,"net return vs zero, SCANDI",0.37067812659592336,0.7108772839729209,0.13124575162863727,False,False
FS14,Multifactor W60-X,multifactor,"net return vs zero, SCANDI",0.35506998258544364,0.7225371637906339,0.12589126352016844,False,False
FS14,Multifactor EQ,multifactor,"net return vs zero, World",-0.3665832554330158,0.713929900208869,-0.10214363688947678,False,False
FS14,Multifactor RP,multifactor,"net return vs zero, World",-0.3323905894882543,0.7395943435018899,-0.09316617155136835,False,False
FS14,Multifactor W12-E,multifactor,"net return vs zero, World",-0.49894686657198517,0.61781681611411,-0.13615206766010388,False,False
FS14,Multifactor W12-L,multifactor,"net return vs zero, World",-0.4847323254534283,0.6278662332264493,-0.13177704604630608,False,False
FS14,Multifactor W12-X,multifactor,"net return vs zero, World",-0.45625175653153066,0.6482089513021219,-0.12443943506165794,False,False
FS14,Multifactor W36-E,multifactor,"net return vs zero, World",-0.29808475169166404,0.7656384792450224,-0.08325748603234129,False,False
FS14,Multifactor W36-L,multifactor,"net return vs zero, World",-0.4380989733323864,0.6613145386262826,-0.1207158017782453,False,False
FS14,Multifactor W36-X,multifactor,"net return vs zero, World",-0.44276453095747104,0.6579360609611624,-0.1222426494739498,False,False
FS14,Multifactor W60-E,multifactor,"net return vs zero, World",-0.5695222769670697,0.5690017571902004,-0.15221675434937185,False,False
FS14,Multifactor W60-L,multifactor,"net return vs zero, World",-0.4327613461783461,0.6651881574797662,-0.11835602914055249,False,False
FS14,Multifactor W60-X,multifactor,"net return vs zero, World",-0.45691414257337293,0.647732758333319,-0.12474911292761924,False,False
FS14,Multifactor RP (primary),multifactor,"RP minus ALL-EQ, 5-market average (pre-registered primary test)",0.9920970413861295,0.3211501896548603,,False,False
FS14,Multifactor EQ,multifactor,"minus ALL-EQ, 5-market average",0.8090241963284271,0.41850122860290195,,False,False
FS14,Multifactor RP,multifactor,"minus ALL-EQ, 5-market average",0.9920970413861295,0.3211501896548603,,False,False
FS14,Multifactor W12-E,multifactor,"minus ALL-EQ, 5-market average",1.1590874844340835,0.24642052687415994,,False,False
FS14,Multifactor W12-L,multifactor,"minus ALL-EQ, 5-market average",0.6960571023814895,0.4863930698679728,,False,False
FS14,Multifactor W12-X,multifactor,"minus ALL-EQ, 5-market average",0.6643629937395563,0.5064580120008879,,False,False
FS14,Multifactor W36-E,multifactor,"minus ALL-EQ, 5-market average",1.2966291591726948,0.19475881451434018,,False,False
FS14,Multifactor W36-L,multifactor,"minus ALL-EQ, 5-market average",1.2618375276657638,0.2070072553891038,,False,False
FS14,Multifactor W36-X,multifactor,"minus ALL-EQ, 5-market average",1.2610206023514787,0.20730142446698485,,False,False
FS14,Multifactor W60-E,multifactor,"minus ALL-EQ, 5-market average",1.0419369884935972,0.2974408937881683,,False,False
FS14,Multifactor W60-L,multifactor,"minus ALL-EQ, 5-market average",1.2082123523775898,0.22696559163658936,,False,False
FS14,Multifactor W60-X,multifactor,"minus ALL-EQ, 5-market average",1.1817670691455864,0.23729813773057895,,False,False
FS15,Low MAX (1 day),history 1998-2013,"L/S net, 4-market average, 1999-2013",0.42380790608206315,0.6717059117929385,0.12504452235581553,False,False
FS15,Low MAX (1 day),history 1998-2013,"beta-neutral, financed, 4-market average, 1999-2013",1.1330849460613759,0.2571785825109869,0.34408400933598066,False,False
FS15,Low MAX (5 days),history 1998-2013,"L/S net, 4-market average, 1999-2013",0.7687393364991267,0.44204806792369267,0.2348805368803973,False,False
FS15,Low MAX (5 days),history 1998-2013,"beta-neutral, financed, 4-market average, 1999-2013",1.618891122563139,0.1054706912836838,0.5047188577331665,False,False
FS15,Mild worst day (MIN),history 1998-2013,"L/S net, 4-market average, 1999-2013",0.7021584798051391,0.4825803357219043,0.210907103069636,False,False
FS15,Mild worst day (MIN),history 1998-2013,"beta-neutral, financed, 4-market average, 1999-2013",0.7227198156560231,0.46985203884900373,0.21890766963884745,False,False
FS15,Mild worst 5 days,history 1998-2013,"L/S net, 4-market average, 1999-2013",1.0390329783827112,0.29878939903528856,0.3145892283488071,False,False
FS15,Mild worst 5 days,history 1998-2013,"beta-neutral, financed, 4-market average, 1999-2013",1.2406337752610053,0.2147410689058158,0.38773890675259454,False,False
FS15,Narrow daily range,history 1998-2013,"L/S net, 4-market average, 1999-2013",0.6084630340792634,0.5428804159399974,0.18709694949446767,False,False
FS15,Narrow daily range,history 1998-2013,"beta-neutral, financed, 4-market average, 1999-2013",0.9769278220313669,0.3286048867833191,0.29519773841592717,False,False
FS15,Low net tail,history 1998-2013,"L/S net, 4-market average, 1999-2013",-2.9163520983735154,0.0035415058742087613,-0.8770717166977319,False,True
FS15,Low net tail,history 1998-2013,"beta-neutral, financed, 4-market average, 1999-2013",-2.655809454550532,0.007911830526940111,-0.7904205387293346,False,False
FS15,Low skewness,history 1998-2013,"L/S net, 4-market average, 1999-2013",-4.234175591031532,2.2939166172797343e-05,-1.3742038204255889,True,True
FS15,Low skewness,history 1998-2013,"beta-neutral, financed, 4-market average, 1999-2013",-5.104229960162184,3.3214418482252483e-07,-1.5021299905665815,True,True
FS15,Low idiosyncratic vol,history 1998-2013,"L/S net, 4-market average, 1999-2013",0.9200587789497496,0.3575420437905197,0.285442568485213,False,False
FS15,Low idiosyncratic vol,history 1998-2013,"beta-neutral, financed, 4-market average, 1999-2013",1.1917386537600223,0.23336373663165255,0.37519087213278995,False,False
FS15,Low volatility (63d),history 1998-2013,"L/S net, 4-market average, 1999-2013",0.7063874704805485,0.47994721056432166,0.20661874653844736,False,False
FS15,Low volatility (63d),history 1998-2013,"beta-neutral, financed, 4-market average, 1999-2013",1.5591360013147795,0.11896419431890015,0.4749803936649984,False,False
FS15,Low volatility (252d),history 1998-2013,"L/S net, 4-market average, 1999-2013",0.9083882680507543,0.3636731219334397,0.2719121454978533,False,False
FS15,Low volatility (252d),history 1998-2013,"beta-neutral, financed, 4-market average, 1999-2013",2.295341857225456,0.021713540607137816,0.7254303210409787,False,False
FS15,Low beta,history 1998-2013,"L/S net, 4-market average, 1999-2013",0.8644863345778737,0.38732078408458004,0.2519340516815902,False,False
FS15,Low beta,history 1998-2013,"beta-neutral, financed, 4-market average, 1999-2013",2.203911327119608,0.027530580794778103,0.7246135382912895,False,False
FS15,Short-term reversal,history 1998-2013,"L/S net, 4-market average, 1999-2013",-2.596779693648709,0.009410225800941197,-0.6984454267253004,False,False
FS15,Short-term reversal,history 1998-2013,"beta-neutral, financed, 4-market average, 1999-2013",-1.4510764776935736,0.14675856564665368,-0.4667339645052067,False,False
FS15,Momentum 12-1,history 1998-2013,"L/S net, 4-market average, 1999-2013",0.982956148382919,0.3256290214691593,0.27004613718848025,False,False
FS15,Momentum 12-1,history 1998-2013,"beta-neutral, financed, 4-market average, 1999-2013",0.9756720500133144,0.3292270072050083,0.2861924960785458,False,False
FS15,Residual momentum,history 1998-2013,"L/S net, 4-market average, 1999-2013",1.456389866987886,0.14528487513663935,0.5213158529136648,False,False
FS15,Residual momentum,history 1998-2013,"beta-neutral, financed, 4-market average, 1999-2013",1.3805068493730994,0.16743064221597925,0.4484421179249009,False,False
FS15,Same-month seasonality,history 1998-2013,"L/S net, 4-market average, 1999-2013",0.40578339907565286,0.6849017574254475,0.12024403170081396,False,False
FS15,Same-month seasonality,history 1998-2013,"beta-neutral, financed, 4-market average, 1999-2013",0.3911195154031421,0.6957088961201512,0.1181713834059755,False,False
FS15,Near 52-week high,history 1998-2013,"L/S net, 4-market average, 1999-2013",0.7950797924911076,0.4265670884906636,0.22565579967822813,False,False
FS15,Near 52-week high,history 1998-2013,"beta-neutral, financed, 4-market average, 1999-2013",0.5348312538678119,0.592766549133755,0.15681316565025225,False,False
FS15,Far above 52-week low,history 1998-2013,"L/S net, 4-market average, 1999-2013",0.07958937982293365,0.9365638420942339,0.02132325296112694,False,False
FS15,Far above 52-week low,history 1998-2013,"beta-neutral, financed, 4-market average, 1999-2013",-1.403288401484381,0.16053085544797874,-0.4242247377185526,False,False
FS15,Near 55-day high,history 1998-2013,"L/S net, 4-market average, 1999-2013",0.31425348849970863,0.7533285208347695,0.0825146478700781,False,False
FS15,Near 55-day high,history 1998-2013,"beta-neutral, financed, 4-market average, 1999-2013",-0.5262688093567607,0.598701451085083,-0.15359813900392036,False,False
FS15,Small size,history 1998-2013,"L/S net, 4-market average, 1999-2013",1.6323100227447453,0.10261419289617035,0.5241095304929196,False,False
FS15,Small size,history 1998-2013,"beta-neutral, financed, 4-market average, 1999-2013",1.6295093522940687,0.10320523668036041,0.5746040785099966,False,False
FS15,Low beta,history 1998-2013,"Fama-MacBeth slope, US, 1999-2013",0.6399364286385084,0.5222139295278567,,False,False
FS15,Low volatility (252d),history 1998-2013,"Fama-MacBeth slope, US, 1999-2013",0.13746593825985573,0.8906625144442071,,False,False
FS15,Low MAX (1 day),history 1998-2013,"Fama-MacBeth slope, US, 1999-2013",2.140261352766961,0.03233365139792821,,False,False
FS15,Momentum 12-1,history 1998-2013,"Fama-MacBeth slope, US, 1999-2013",2.2613553473980073,0.023737261464630288,,False,False
FS15,Residual momentum,history 1998-2013,"Fama-MacBeth slope, US, 1999-2013",0.18269949702864657,0.8550338104310902,,False,False
FS15,Near 52-week high,history 1998-2013,"Fama-MacBeth slope, US, 1999-2013",-1.7383433111640547,0.08215033904947,,False,False
FS15,Short-term reversal,history 1998-2013,"Fama-MacBeth slope, US, 1999-2013",0.17940767521334353,0.8576176052153219,,False,False
FS15,Same-month seasonality,history 1998-2013,"Fama-MacBeth slope, US, 1999-2013",2.6281633338456745,0.00858472850055092,,False,False
FS15,Low skewness,history 1998-2013,"Fama-MacBeth slope, US, 1999-2013",-2.0077165790494558,0.044673417846211594,,False,False
FS15,Small size,history 1998-2013,"Fama-MacBeth slope, US, 1999-2013",3.1907565857336992,0.0014190077727573858,,False,True
FS15,Low beta,history 1998-2013,"Fama-MacBeth slope, EU, 1999-2013",-0.29307169853352066,0.769467348747013,,False,False
FS15,Low volatility (252d),history 1998-2013,"Fama-MacBeth slope, EU, 1999-2013",1.6351954631365109,0.10200807893086639,,False,False
FS15,Low MAX (1 day),history 1998-2013,"Fama-MacBeth slope, EU, 1999-2013",2.888982936630834,0.0038649004589574876,,False,True
FS15,Momentum 12-1,history 1998-2013,"Fama-MacBeth slope, EU, 1999-2013",2.1589192249093854,0.030856434098499808,,False,False
FS15,Residual momentum,history 1998-2013,"Fama-MacBeth slope, EU, 1999-2013",-0.31987541026417204,0.7490627790621216,,False,False
FS15,Near 52-week high,history 1998-2013,"Fama-MacBeth slope, EU, 1999-2013",-1.5376298871246,0.12413913554897049,,False,False
FS15,Short-term reversal,history 1998-2013,"Fama-MacBeth slope, EU, 1999-2013",0.5055685941439207,0.6131595334170499,,False,False
FS15,Same-month seasonality,history 1998-2013,"Fama-MacBeth slope, EU, 1999-2013",1.1343090417458939,0.2566649377696302,,False,False
FS15,Low skewness,history 1998-2013,"Fama-MacBeth slope, EU, 1999-2013",-1.6788801289237514,0.09317540797442603,,False,False
FS15,Small size,history 1998-2013,"Fama-MacBeth slope, EU, 1999-2013",1.8974947250401788,0.05776267432473903,,False,False
FS15,Low beta,history 1998-2013,"Fama-MacBeth slope, UK, 1999-2013",-0.2873999106540723,0.773806129601037,,False,False
FS15,Low volatility (252d),history 1998-2013,"Fama-MacBeth slope, UK, 1999-2013",0.5832034845582814,0.55975632570054,,False,False
FS15,Low MAX (1 day),history 1998-2013,"Fama-MacBeth slope, UK, 1999-2013",1.7644563361618184,0.07765518048021902,,False,False
FS15,Momentum 12-1,history 1998-2013,"Fama-MacBeth slope, UK, 1999-2013",0.9702032758389207,0.3319451781962208,,False,False
FS15,Residual momentum,history 1998-2013,"Fama-MacBeth slope, UK, 1999-2013",1.169538324568814,0.24218680972105067,,False,False
FS15,Near 52-week high,history 1998-2013,"Fama-MacBeth slope, UK, 1999-2013",0.07065421691869546,0.9436729593292583,,False,False
FS15,Short-term reversal,history 1998-2013,"Fama-MacBeth slope, UK, 1999-2013",1.998988788028523,0.04560956699246277,,False,False
FS15,Same-month seasonality,history 1998-2013,"Fama-MacBeth slope, UK, 1999-2013",4.036828181954467,5.417871771906668e-05,,True,True
FS15,Low skewness,history 1998-2013,"Fama-MacBeth slope, UK, 1999-2013",-3.21902165790749,0.001286287696466104,,False,True
FS15,Small size,history 1998-2013,"Fama-MacBeth slope, UK, 1999-2013",1.7769567152631376,0.07557536178899404,,False,False
FS15,Low beta,history 1998-2013,"Fama-MacBeth slope, World, 1999-2013",0.2509693730908052,0.8018377882456766,,False,False
FS15,Low volatility (252d),history 1998-2013,"Fama-MacBeth slope, World, 1999-2013",0.7455841768656448,0.4559186442545702,,False,False
FS15,Low MAX (1 day),history 1998-2013,"Fama-MacBeth slope, World, 1999-2013",2.412460047291229,0.01584527394882196,,False,False
FS15,Momentum 12-1,history 1998-2013,"Fama-MacBeth slope, World, 1999-2013",1.7482598695054228,0.08041903881883505,,False,False
FS15,Residual momentum,history 1998-2013,"Fama-MacBeth slope, World, 1999-2013",0.8351800389623425,0.40361634678833425,,False,False
FS15,Near 52-week high,history 1998-2013,"Fama-MacBeth slope, World, 1999-2013",-1.4163482261614995,0.15667357446766972,,False,False
FS15,Short-term reversal,history 1998-2013,"Fama-MacBeth slope, World, 1999-2013",1.1264972071701518,0.2599551220615086,,False,False
FS15,Same-month seasonality,history 1998-2013,"Fama-MacBeth slope, World, 1999-2013",3.655930761966725,0.0002562505168914875,,False,True
FS15,Low skewness,history 1998-2013,"Fama-MacBeth slope, World, 1999-2013",-3.141694022742868,0.0016797347432695453,,False,True
FS15,Small size,history 1998-2013,"Fama-MacBeth slope, World, 1999-2013",1.8386265361879683,0.06597013546452613,,False,False
FS15,Low beta,history 1998-2013,"Fama-MacBeth slope, market average, 1999-2013",0.17073904963114686,0.8644289564774348,,False,False
FS15,Low volatility (252d),history 1998-2013,"Fama-MacBeth slope, market average, 1999-2013",1.221868038395672,0.22175753383709473,,False,False
FS15,Low MAX (1 day),history 1998-2013,"Fama-MacBeth slope, market average, 1999-2013",3.2202105092788083,0.0012809649563945147,,False,True
FS15,Momentum 12-1,history 1998-2013,"Fama-MacBeth slope, market average, 1999-2013",2.232826831759364,0.025560366138547508,,False,False
FS15,Residual momentum,history 1998-2013,"Fama-MacBeth slope, market average, 1999-2013",0.3654803002231365,0.7147529094120988,,False,False
FS15,Near 52-week high,history 1998-2013,"Fama-MacBeth slope, market average, 1999-2013",-1.70593810637984,0.08801960392319441,,False,False
FS15,Short-term reversal,history 1998-2013,"Fama-MacBeth slope, market average, 1999-2013",1.228832322897966,0.2191346799297751,,False,False
FS15,Same-month seasonality,history 1998-2013,"Fama-MacBeth slope, market average, 1999-2013",4.329803832714929,1.4924222781598218e-05,,True,True
FS15,Low skewness,history 1998-2013,"Fama-MacBeth slope, market average, 1999-2013",-3.751165884703005,0.00017601419344148717,,False,True
FS15,Small size,history 1998-2013,"Fama-MacBeth slope, market average, 1999-2013",3.399446322180953,0.0006752243212770903,,False,True
FS15,Multifactor EQ,history 1998-2013,"net return vs zero, US, 2002-2013",0.08430468593499832,0.9328141868305957,0.026008399132247808,False,False
FS15,Multifactor RP,history 1998-2013,"net return vs zero, US, 2002-2013",-0.04345366635855489,0.9653398985012733,-0.013415761459355718,False,False
FS15,Multifactor W12-E,history 1998-2013,"net return vs zero, US, 2002-2013",0.642234308928445,0.5207210596235619,0.19734428065839654,False,False
FS15,Multifactor W12-L,history 1998-2013,"net return vs zero, US, 2002-2013",0.5734842481238903,0.5663168614797165,0.18800222766561514,False,False
FS15,Multifactor W12-X,history 1998-2013,"net return vs zero, US, 2002-2013",0.6147780142038378,0.5387013306894852,0.20157699339770693,False,False
FS15,Multifactor W36-E,history 1998-2013,"net return vs zero, US, 2002-2013",0.1546807126700971,0.8770730360304606,0.04738084334264429,False,False
FS15,Multifactor W36-L,history 1998-2013,"net return vs zero, US, 2002-2013",0.5269997973741419,0.5981937291864456,0.16318162041348527,False,False
FS15,Multifactor W36-X,history 1998-2013,"net return vs zero, US, 2002-2013",0.5402287825834191,0.5890392654720855,0.1686868180103761,False,False
FS15,Multifactor W60-E,history 1998-2013,"net return vs zero, US, 2002-2013",0.24959813043035922,0.8028981445373395,0.07339353988634635,False,False
FS15,Multifactor W60-L,history 1998-2013,"net return vs zero, US, 2002-2013",0.36286523738634197,0.7167055558966793,0.10867794515523699,False,False
FS15,Multifactor W60-X,history 1998-2013,"net return vs zero, US, 2002-2013",0.38746521691034236,0.69841183065089,0.11572809530935622,False,False
FS15,Multifactor EQ,history 1998-2013,"net return vs zero, EU, 2002-2013",1.0792500827286275,0.2804762588233878,0.2398969837449964,False,False
FS15,Multifactor RP,history 1998-2013,"net return vs zero, EU, 2002-2013",0.9959941690527518,0.31925297831290256,0.2244355860293294,False,False
FS15,Multifactor W12-E,history 1998-2013,"net return vs zero, EU, 2002-2013",0.6667104431803542,0.5049571068620016,0.1604847116343407,False,False
FS15,Multifactor W12-L,history 1998-2013,"net return vs zero, EU, 2002-2013",0.8277913992178907,0.40778864638464274,0.19474246488951197,False,False
FS15,Multifactor W12-X,history 1998-2013,"net return vs zero, EU, 2002-2013",1.0304715149790962,0.3027887172137833,0.24516827631531607,False,False
FS15,Multifactor W36-E,history 1998-2013,"net return vs zero, EU, 2002-2013",0.8386636998864823,0.4016580538994856,0.18992713800231234,False,False
FS15,Multifactor W36-L,history 1998-2013,"net return vs zero, EU, 2002-2013",0.9347191876534737,0.3499330358120005,0.2179194633036988,False,False
FS15,Multifactor W36-X,history 1998-2013,"net return vs zero, EU, 2002-2013",0.8678031853002158,0.3855020859846634,0.20068471921739744,False,False
FS15,Multifactor W60-E,history 1998-2013,"net return vs zero, EU, 2002-2013",0.4069021087698962,0.6840798870993812,0.10683409267317907,False,False
FS15,Multifactor W60-L,history 1998-2013,"net return vs zero, EU, 2002-2013",0.8854777464451773,0.3758990167132412,0.2081852295458371,False,False
FS15,Multifactor W60-X,history 1998-2013,"net return vs zero, EU, 2002-2013",0.735797489319319,0.4618539493889413,0.17388911596481563,False,False
FS15,Multifactor EQ,history 1998-2013,"net return vs zero, UK, 2002-2013",2.099513274834731,0.035771678858971034,0.7487845097216791,False,False
FS15,Multifactor RP,history 1998-2013,"net return vs zero, UK, 2002-2013",1.9566037871529753,0.05039406942116975,0.6719640822148738,False,False
FS15,Multifactor W12-E,history 1998-2013,"net return vs zero, UK, 2002-2013",2.356503850012437,0.018447876414314335,0.8666304327236005,False,False
FS15,Multifactor W12-L,history 1998-2013,"net return vs zero, UK, 2002-2013",2.5030311470676057,0.012313470703594787,0.9196686069425271,False,False
FS15,Multifactor W12-X,history 1998-2013,"net return vs zero, UK, 2002-2013",2.5240745683885097,0.011600331923112828,0.9312576475398772,False,False
FS15,Multifactor W36-E,history 1998-2013,"net return vs zero, UK, 2002-2013",2.207925772565745,0.02724944792171624,0.7738014876884035,False,False
FS15,Multifactor W36-L,history 1998-2013,"net return vs zero, UK, 2002-2013",2.2798155979984824,0.022618627506066247,0.8207435571889803,False,False
FS15,Multifactor W36-X,history 1998-2013,"net return vs zero, UK, 2002-2013",2.341207096796377,0.0192215016354218,0.8392081483184907,False,False
FS15,Multifactor W60-E,history 1998-2013,"net return vs zero, UK, 2002-2013",2.1189656791439844,0.03409336755079462,0.7428327861376182,False,False
FS15,Multifactor W60-L,history 1998-2013,"net return vs zero, UK, 2002-2013",2.2251864357246602,0.026068725057299513,0.8039323018236362,False,False
FS15,Multifactor W60-X,history 1998-2013,"net return vs zero, UK, 2002-2013",2.2357145084005365,0.02537047805813475,0.7962625882510335,False,False
FS15,Multifactor EQ,history 1998-2013,"net return vs zero, DK, 2002-2013",1.0880958207709832,0.27655280851068365,0.36637495888826005,False,False
FS15,Multifactor RP,history 1998-2013,"net return vs zero, DK, 2002-2013",0.9632628571090615,0.33541562800532976,0.3215967587997541,False,False
FS15,Multifactor W12-E,history 1998-2013,"net return vs zero, DK, 2002-2013",1.9754109252077217,0.048221533978944686,0.6340578425718707,False,False
FS15,Multifactor W12-L,history 1998-2013,"net return vs zero, DK, 2002-2013",2.2409113960261866,0.025031814921617546,0.7127813217301041,False,False
FS15,Multifactor W12-X,history 1998-2013,"net return vs zero, DK, 2002-2013",2.2435417975764134,0.024861897672781685,0.7060356318306259,False,False
FS15,Multifactor W36-E,history 1998-2013,"net return vs zero, DK, 2002-2013",1.177695899398246,0.23891786226740175,0.40455632169639777,False,False
FS15,Multifactor W36-L,history 1998-2013,"net return vs zero, DK, 2002-2013",1.4748533180920123,0.14025198303376052,0.4963763000166711,False,False
FS15,Multifactor W36-X,history 1998-2013,"net return vs zero, DK, 2002-2013",1.5416457141506419,0.12315971033923279,0.5153118036220878,False,False
FS15,Multifactor W60-E,history 1998-2013,"net return vs zero, DK, 2002-2013",1.1443566289271063,0.2524757671540898,0.3849467071321518,False,False
FS15,Multifactor W60-L,history 1998-2013,"net return vs zero, DK, 2002-2013",1.2695122880392784,0.20425841070165873,0.42838395766165205,False,False
FS15,Multifactor W60-X,history 1998-2013,"net return vs zero, DK, 2002-2013",1.334761297100424,0.1819544843460139,0.45012119266888273,False,False
FS15,Multifactor EQ,history 1998-2013,"net return vs zero, World, 2002-2013",0.8298650085162385,0.40661511062694133,0.2872373742475797,False,False
FS15,Multifactor RP,history 1998-2013,"net return vs zero, World, 2002-2013",0.5254655932755791,0.5992595656424919,0.17400832963010798,False,False
FS15,Multifactor W12-E,history 1998-2013,"net return vs zero, World, 2002-2013",0.9386067841338868,0.3479326683576689,0.3160116804298563,False,False
FS15,Multifactor W12-L,history 1998-2013,"net return vs zero, World, 2002-2013",1.228850030419336,0.2191280395257147,0.43511644230480206,False,False
FS15,Multifactor W12-X,history 1998-2013,"net return vs zero, World, 2002-2013",1.1753025487592845,0.23987369519038504,0.41725785092740697,False,False
FS15,Multifactor W36-E,history 1998-2013,"net return vs zero, World, 2002-2013",0.6462464219933064,0.5181197800122646,0.21078092945600363,False,False
FS15,Multifactor W36-L,history 1998-2013,"net return vs zero, World, 2002-2013",0.6999911973477753,0.4839328017886455,0.231826544084767,False,False
FS15,Multifactor W36-X,history 1998-2013,"net return vs zero, World, 2002-2013",0.7721545282365431,0.44002290966660595,0.2569076848264479,False,False
FS15,Multifactor W60-E,history 1998-2013,"net return vs zero, World, 2002-2013",-0.0352287579920525,0.9718973308970744,-0.011257326129935507,False,False
FS15,Multifactor W60-L,history 1998-2013,"net return vs zero, World, 2002-2013",0.5451722128405807,0.5856350807065738,0.1772195562127596,False,False
FS15,Multifactor W60-X,history 1998-2013,"net return vs zero, World, 2002-2013",0.5327651111161403,0.5941961878042084,0.17406190147050565,False,False
FS15,Multifactor RP (primary),history 1998-2013,"RP minus ALL-EQ, 4-market average, 2002-2013 (pre-registered)",0.2492352436979491,0.8031788188742783,,False,False
FS15,Fixed shortlist (low beta + momentum),history 1998-2013,"SHORT minus ALL-EQ, 4-market average, 2002-2013",2.624742558624858,0.008671450401752434,,False,False
FS15,Fixed shortlist (low beta + momentum),history 1998-2013,"net return vs zero, 4-market average, 2002-2013",2.3268318782386483,0.01997421502277108,0.806222658452446,False,False
FS15,Multifactor EQ,history 1998-2013,"minus ALL-EQ, 4-market average, 2002-2013",0.6538741185073044,0.5131929096514414,,False,False
FS15,Multifactor RP,history 1998-2013,"minus ALL-EQ, 4-market average, 2002-2013",0.2492352436979491,0.8031788188742783,,False,False
FS15,Multifactor W12-E,history 1998-2013,"minus ALL-EQ, 4-market average, 2002-2013",1.4930041255089612,0.13543610699901065,,False,False
FS15,Multifactor W12-L,history 1998-2013,"minus ALL-EQ, 4-market average, 2002-2013",1.575012783523222,0.11525349385011263,,False,False
FS15,Multifactor W12-X,history 1998-2013,"minus ALL-EQ, 4-market average, 2002-2013",1.675219415382676,0.0938911895470318,,False,False
FS15,Multifactor W36-E,history 1998-2013,"minus ALL-EQ, 4-market average, 2002-2013",0.7170168405316626,0.4733637055904001,,False,False
FS15,Multifactor W36-L,history 1998-2013,"minus ALL-EQ, 4-market average, 2002-2013",1.1599494458323898,0.24606938947037404,,False,False
FS15,Multifactor W36-X,history 1998-2013,"minus ALL-EQ, 4-market average, 2002-2013",1.176116486483979,0.2395483306941446,,False,False
FS15,Multifactor W60-E,history 1998-2013,"minus ALL-EQ, 4-market average, 2002-2013",0.6568311080947662,0.5112895194072684,,False,False
FS15,Multifactor W60-L,history 1998-2013,"minus ALL-EQ, 4-market average, 2002-2013",0.9919309284369046,0.32123122056983444,,False,False
FS15,Multifactor W60-X,history 1998-2013,"minus ALL-EQ, 4-market average, 2002-2013",0.9661539166918106,0.3339671685313865,,False,False
FS17,Profit growth,fundamentals outside the US,"alpha on the shortlist, UK, 2013-2025, JKP",0.8235852851213165,0.4101752397943612,,False,False
FS17,Issuance,fundamentals outside the US,"alpha on the shortlist, UK, 2013-2025, JKP",4.339238571661976,1.4297724104661569e-05,,True,True
FS17,Value,fundamentals outside the US,"alpha on the shortlist, UK, 2013-2025, JKP",3.421524842376134,0.000622710358580747,,False,True
FS17,Profitability,fundamentals outside the US,"alpha on the shortlist, UK, 2013-2025, JKP",0.9979438171395688,0.3183066030002695,,False,False
FS17,Fundamental pair,fundamentals outside the US,"alpha on the shortlist, UK, 2013-2025, JKP",2.587507627841828,0.009667305522534475,,False,False
FS17,Shortlist + fundamental pair,fundamentals outside the US,"minus shortlist, UK, 2013-2025, JKP",0.10917834211669145,0.9130610380960631,,False,False
FS17,Profit growth,fundamentals outside the US,"alpha on the shortlist, Denmark, 2013-2025, JKP",0.8442985757374184,0.3985025817878487,,False,False
FS17,Issuance,fundamentals outside the US,"alpha on the shortlist, Denmark, 2013-2025, JKP",3.4229541727631183,0.0006194451968757342,,False,True
FS17,Value,fundamentals outside the US,"alpha on the shortlist, Denmark, 2013-2025, JKP",0.047410479812464386,0.9621860767314312,,False,False
FS17,Profitability,fundamentals outside the US,"alpha on the shortlist, Denmark, 2013-2025, JKP",-0.8565292160998256,0.39170511961107857,,False,False
FS17,Fundamental pair,fundamentals outside the US,"alpha on the shortlist, Denmark, 2013-2025, JKP",2.622376827694116,0.008731882452291728,,False,False
FS17,Shortlist + fundamental pair,fundamentals outside the US,"minus shortlist, Denmark, 2013-2025, JKP",2.0062053786484197,0.044834340257558836,,False,False
FS17,Profit growth,fundamentals outside the US,"alpha on the shortlist, EU (World ex US), 2013-2025, JKP",2.244126211191456,0.0248242819484894,,False,False
FS17,Issuance,fundamentals outside the US,"alpha on the shortlist, EU (World ex US), 2013-2025, JKP",2.656958472742436,0.007884915514616342,,False,False
FS17,Value,fundamentals outside the US,"alpha on the shortlist, EU (World ex US), 2013-2025, JKP",2.050094198696247,0.04035523940983965,,False,False
FS17,Profitability,fundamentals outside the US,"alpha on the shortlist, EU (World ex US), 2013-2025, JKP",1.73120486476942,0.08341523201526746,,False,False
FS17,Fundamental pair,fundamentals outside the US,"alpha on the shortlist, EU (World ex US), 2013-2025, JKP",3.2647821500381444,0.0010954829621656614,,False,True
FS17,Shortlist + fundamental pair,fundamentals outside the US,"minus shortlist, EU (World ex US), 2013-2025, JKP",-1.1285450008646567,0.25908982314042905,,False,False
FS17,Profit growth,fundamentals outside the US,"alpha on the shortlist, World, 2013-2025, JKP",1.0260009563349057,0.30489113328611284,,False,False
FS17,Issuance,fundamentals outside the US,"alpha on the shortlist, World, 2013-2025, JKP",2.6674483543147476,0.0076429634900114785,,False,False
FS17,Value,fundamentals outside the US,"alpha on the shortlist, World, 2013-2025, JKP",1.852106756737342,0.06401049445887352,,False,False
FS17,Profitability,fundamentals outside the US,"alpha on the shortlist, World, 2013-2025, JKP",0.9852803297096674,0.3244863920145551,,False,False
FS17,Fundamental pair,fundamentals outside the US,"alpha on the shortlist, World, 2013-2025, JKP",1.9442228072577472,0.0518685886022332,,False,False
FS17,Shortlist + fundamental pair,fundamentals outside the US,"minus shortlist, World, 2013-2025, JKP",-0.8274683186585595,0.40797167175079707,,False,False
FS17,Profit growth,fundamentals outside the US,"alpha on the shortlist, US, 2013-2025, JKP",0.48395409755734037,0.6284184462376081,,False,False
FS17,Issuance,fundamentals outside the US,"alpha on the shortlist, US, 2013-2025, JKP",1.4187788476248817,0.15596350134445602,,False,False
FS17,Value,fundamentals outside the US,"alpha on the shortlist, US, 2013-2025, JKP",0.5332886120147645,0.5938338095496158,,False,False
FS17,Profitability,fundamentals outside the US,"alpha on the shortlist, US, 2013-2025, JKP",0.7384961627545534,0.46021299811425354,,False,False
FS17,Fundamental pair,fundamentals outside the US,"alpha on the shortlist, US, 2013-2025, JKP",1.0631982516488423,0.287692055112291,,False,False
FS17,Shortlist + fundamental pair,fundamentals outside the US,"minus shortlist, US, 2013-2025, JKP",-0.21355425292792068,0.8308946772039498,,False,False
FS17,Fundamental pair (primary),fundamentals outside the US,"alpha on the shortlist, non-US average, 2013-2025, JKP (pre-registered)",4.731939705181917,2.2238447636713232e-06,,True,True
FS17,Profit growth,fundamentals outside the US,"alpha on the shortlist, non-US average, 2013-2025, JKP",1.5163933858752767,0.1294199105165561,,False,False
FS17,Issuance,fundamentals outside the US,"alpha on the shortlist, non-US average, 2013-2025, JKP",6.03660845273989,1.573869923277016e-09,,True,True
FS17,Value,fundamentals outside the US,"alpha on the shortlist, non-US average, 2013-2025, JKP",2.3971378633136284,0.016523705381638276,,False,False
FS17,Profitability,fundamentals outside the US,"alpha on the shortlist, non-US average, 2013-2025, JKP",0.31453287558174603,0.7531163513696617,,False,False
FS17,Profit growth,fundamentals outside the US,"alpha on the shortlist, Europe, 1999-2013, ART",6.878557060012724,6.0462745921086025e-12,,True,True
FS17,Issuance,fundamentals outside the US,"alpha on the shortlist, Europe, 1999-2013, ART",3.886307497349944,0.0001017805675980199,,False,True
FS17,Value,fundamentals outside the US,"alpha on the shortlist, Europe, 1999-2013, ART",3.997202224803024,6.409554237762904e-05,,True,True
FS17,Profitability,fundamentals outside the US,"alpha on the shortlist, Europe, 1999-2013, ART",4.341498316998057,1.4151436290799069e-05,,True,True
FS17,Fundamental pair,fundamentals outside the US,"alpha on the shortlist, Europe, 1999-2013, ART",7.079895221567328,1.4426237981979284e-12,,True,True
FS17,Shortlist + fundamental pair,fundamentals outside the US,"minus shortlist, Europe, 1999-2013, ART",4.6254037565253325,3.738693818977623e-06,,True,True
FS17,Profit growth,fundamentals outside the US,"alpha on the shortlist, UK, 1999-2013, ART",4.7025782796885265,2.5689667755290913e-06,,True,True
FS17,Issuance,fundamentals outside the US,"alpha on the shortlist, UK, 1999-2013, ART",4.066681857422684,4.7687274191687834e-05,,True,True
FS17,Value,fundamentals outside the US,"alpha on the shortlist, UK, 1999-2013, ART",2.938262993504603,0.0033005690879419625,,False,True
FS17,Profitability,fundamentals outside the US,"alpha on the shortlist, UK, 1999-2013, ART",3.6425497047221693,0.00026995083076175597,,False,True
FS17,Fundamental pair,fundamentals outside the US,"alpha on the shortlist, UK, 1999-2013, ART",6.404541669593471,1.508217994938832e-10,,True,True
FS17,Shortlist + fundamental pair,fundamentals outside the US,"minus shortlist, UK, 1999-2013, ART",2.3143086625755624,0.020650796963909812,,False,False
FS17,Profit growth,fundamentals outside the US,"alpha on the shortlist, America, 1999-2013, ART",3.6637329836095898,0.0002485659100668336,,False,True
FS17,Issuance,fundamentals outside the US,"alpha on the shortlist, America, 1999-2013, ART",3.292518631153507,0.0009929431868211935,,False,True
FS17,Value,fundamentals outside the US,"alpha on the shortlist, America, 1999-2013, ART",4.191387737859442,2.7725336699147007e-05,,True,True
FS17,Profitability,fundamentals outside the US,"alpha on the shortlist, America, 1999-2013, ART",2.8289036251972917,0.004670776205848881,,False,True
FS17,Fundamental pair,fundamentals outside the US,"alpha on the shortlist, America, 1999-2013, ART",4.596959069648604,4.287017942417037e-06,,True,True
FS17,Shortlist + fundamental pair,fundamentals outside the US,"minus shortlist, America, 1999-2013, ART",3.0738071907168134,0.0021134597543994715,,False,True
FS17,Fundamental pair (primary),fundamentals outside the US,"alpha on the shortlist, non-US average, 1999-2013, ART (pre-registered)",6.998056367648281,2.595479386968691e-12,,True,True
FS17,Profit growth,fundamentals outside the US,"alpha on the shortlist, non-US average, 1999-2013, ART",6.184618176221234,6.22529583438336e-10,,True,True
FS17,Issuance,fundamentals outside the US,"alpha on the shortlist, non-US average, 1999-2013, ART",4.341847525991382,1.4128957489090155e-05,,True,True
FS17,Value,fundamentals outside the US,"alpha on the shortlist, non-US average, 1999-2013, ART",4.017768069563499,5.8751980841709184e-05,,True,True
FS17,Profitability,fundamentals outside the US,"alpha on the shortlist, non-US average, 1999-2013, ART",4.231308954332379,2.3233528344102083e-05,,True,True
FS18,Market + overlay,portfolio,"overlay return, US, $50m per book",2.677190434688232,0.007424242385182467,0.608744387427225,False,False
FS18,Market + overlay,portfolio,"overlay return, EU, $50m per book",2.6323815361892433,0.00847885861712605,0.7111052820926707,False,False
FS18,Market + overlay,portfolio,"overlay return, UK, $50m per book",0.03783667840158971,0.9698179001636891,0.011716850988024297,False,False
FS18,Market + overlay,portfolio,"overlay return, DK, $50m per book",0.37739654574063886,0.7058789335335511,0.11110234585789838,False,False
FS18,Market + overlay,portfolio,"overlay return, SC, $50m per book",0.3458571900367851,0.7294500428020902,0.10041963326467548,False,False
FS18,Market + overlay,portfolio,"overlay return, WD, $50m per book",1.7011385202128013,0.08891697912388907,0.4404061927394637,False,False
FS18,Market + overlay (primary),portfolio,"overlay return, 5-market average, $50m per book (pre-registered)",1.7232118373614609,0.08485022386621766,0.43318430266855035,False,False
FS18,Market + overlay,portfolio,"overlay return, US, $250m per book",2.431975222066861,0.015016734559235356,0.5495989080656815,False,False
FS18,Market + overlay,portfolio,"overlay return, EU, $250m per book",1.1173319485664408,0.2638524200521457,0.29910695012452354,False,False
FS18,Market + overlay,portfolio,"overlay return, UK, $250m per book",-2.220898561266729,0.02635783270926262,-0.6715856946573984,False,False
FS18,Market + overlay,portfolio,"overlay return, DK, $250m per book",-0.6674112808462769,0.5045094621678246,-0.20819615146593767,False,False
FS18,Market + overlay,portfolio,"overlay return, SC, $250m per book",-0.38784420214858256,0.6981313323099061,-0.11206337623323169,False,False
FS18,Market + overlay,portfolio,"overlay return, WD, $250m per book",0.39241829641251424,0.6947491694085781,0.10586224138935645,False,False
FS18,Market + overlay,portfolio,"overlay return, 5-market average, $250m per book",-0.17281722431609517,0.8627950977057472,-0.04274786250710691,False,False
FS19,low beta (within sectors),robustness,"net return, US",0.7205266833287591,0.4712007767979465,0.14303785086861026,False,False
FS19,low beta (within sectors),robustness,"minus unrestricted, US",-0.4159343018182944,0.6774580783728901,,False,False
FS19,12-1 momentum (within sectors),robustness,"net return, US",1.1689024201899911,0.2424429483246362,0.3141401045631015,False,False
FS19,12-1 momentum (within sectors),robustness,"minus unrestricted, US",-0.4576447467436313,0.647207690108152,,False,False
FS19,shortlist (within sectors),robustness,"net return, US",1.362158460439746,0.17314788208171317,0.29172745953693635,False,False
FS19,shortlist (within sectors),robustness,"minus unrestricted, US",-0.5625408762387036,0.5737475617082621,,False,False
FS19,low beta (within sectors),robustness,"net return, EU",2.5833274932552284,0.009785238859929324,0.6615070149074768,False,False
FS19,low beta (within sectors),robustness,"minus unrestricted, EU",-1.2596337341935864,0.2078015203115453,,False,False
FS19,12-1 momentum (within sectors),robustness,"net return, EU",1.6898636802554656,0.09105403746742069,0.4131393861283188,False,False
FS19,12-1 momentum (within sectors),robustness,"minus unrestricted, EU",-1.6821452741827427,0.09254067301941538,,False,False
FS19,shortlist (within sectors),robustness,"net return, EU",3.2027419277007216,0.001361259086478439,0.7339411969413911,False,True
FS19,shortlist (within sectors),robustness,"minus unrestricted, EU",-1.8127835492089115,0.06986521222630016,,False,False
FS19,low beta (within sectors),robustness,"net return, UK",2.9490715781010923,0.003187301462928227,0.9427453983234957,False,True
FS19,low beta (within sectors),robustness,"minus unrestricted, UK",-2.365436949474663,0.018008809449844065,,False,False
FS19,12-1 momentum (within sectors),robustness,"net return, UK",2.756550600174217,0.005841457384090365,0.7593522796968778,False,True
FS19,12-1 momentum (within sectors),robustness,"minus unrestricted, UK",0.11850035508144911,0.905671213764853,,False,False
FS19,shortlist (within sectors),robustness,"net return, UK",3.7351158731008964,0.0001876287748583394,1.0768748359257936,False,True
FS19,shortlist (within sectors),robustness,"minus unrestricted, UK",-2.131703638221397,0.03303121754827565,,False,False
FS19,low beta (within sectors),robustness,"net return, DK",0.2641015317882824,0.7917016835899942,0.06972776329242165,False,False
FS19,low beta (within sectors),robustness,"minus unrestricted, DK",-0.08103598649065313,0.9354133335214245,,False,False
FS19,12-1 momentum (within sectors),robustness,"net return, DK",-1.2472685431994892,0.21229904760109952,-0.2921569632416209,False,False
FS19,12-1 momentum (within sectors),robustness,"minus unrestricted, DK",-2.1034128459435943,0.03542969649487793,,False,False
FS19,shortlist (within sectors),robustness,"net return, DK",-0.807843240382672,0.41918082942654156,-0.19018870180364628,False,False
FS19,shortlist (within sectors),robustness,"minus unrestricted, DK",-1.931800872441084,0.05338408837372266,,False,False
FS19,low beta (within sectors),robustness,"net return, SC",0.4549352462677749,0.6491558249360874,0.10785098268993859,False,False
FS19,low beta (within sectors),robustness,"minus unrestricted, SC",-0.11328437957890876,0.9098051008062245,,False,False
FS19,12-1 momentum (within sectors),robustness,"net return, SC",0.25156538916534,0.8013770138133331,0.06613501353768156,False,False
FS19,12-1 momentum (within sectors),robustness,"minus unrestricted, SC",0.8730128230400908,0.38265608840839116,,False,False
FS19,shortlist (within sectors),robustness,"net return, SC",0.4953106761154713,0.6203808359636742,0.12335598300262837,False,False
FS19,shortlist (within sectors),robustness,"minus unrestricted, SC",0.5271194119989926,0.5981106671422576,,False,False
FS19,low beta (within sectors),robustness,"net return, WD",2.470663564980173,0.013486262924985448,0.5066280272920379,False,False
FS19,low beta (within sectors),robustness,"minus unrestricted, WD",-0.07048144797791256,0.943810466193278,,False,False
FS19,12-1 momentum (within sectors),robustness,"net return, WD",2.3078794383506587,0.02100584298915309,0.5893032719507716,False,False
FS19,12-1 momentum (within sectors),robustness,"minus unrestricted, WD",-0.80897050391555,0.41853211271856106,,False,False
FS19,shortlist (within sectors),robustness,"net return, WD",3.305425656554186,0.0009483225843098797,0.7228360346478151,False,True
FS19,shortlist (within sectors),robustness,"minus unrestricted, WD",-0.3888335342333165,0.6973992923313335,,False,False
FS19,Shortlist within sectors (primary),robustness,"net return, 5-market average (pre-registered)",2.9617359433070303,0.0030591001124689043,0.6755667950761755,False,True
FS19,Momentum crash (bear x market),robustness,"Daniel-Moskowitz, UK",-0.3458083165874144,0.7294867745994129,,False,False
FS19,Momentum crash (bear x market),robustness,"Daniel-Moskowitz, DK",-0.6665645591487611,0.5050503134000355,,False,False
FS19,Momentum crash (bear x market),robustness,"Daniel-Moskowitz, US_A",-1.567675226330307,0.11695694610807572,,False,False
FS19,Momentum crash (bear x market),robustness,"Daniel-Moskowitz, EU_A",-1.5705811602726223,0.1162799688834677,,False,False
FS19,Momentum crash (bear x market),robustness,"Daniel-Moskowitz, UK_A",0.4247531240118983,0.6710166527611605,,False,False
FS19,Momentum crash (bear x market),robustness,"Daniel-Moskowitz, DK_A",-1.326511976830461,0.18467017066139535,,False,False
FS19,Momentum crash (bear x market),robustness,"Daniel-Moskowitz, ART pooled",-1.8642316089252458,0.06228918629556013,,False,False
FS20,Checklist proxy (primary),fundamental,"CAPM alpha, US, 12 stocks, annual, fcf (pre-registered)",-0.24148946228752885,0.809175782728546,0.6392112893967223,False,False
FS20,Checklist proxy,fundamental,"CAPM alpha, US, 25 stocks, annual, fcf",-0.5261463696571975,0.5987865130588192,0.7170412502976922,False,False
FS20,Checklist proxy,fundamental,"CAPM alpha, US, 50 stocks, annual, fcf",-0.5637715989689411,0.5729095827492012,0.8004602967641326,False,False
FS20,Checklist proxy,fundamental,"CAPM alpha, US, 12 stocks, quarterly, fcf",-0.1414178397983386,0.8875398617774652,0.6573174731432422,False,False
FS20,Checklist proxy,fundamental,"CAPM alpha, US, 25 stocks, quarterly, fcf",-1.0410372266427235,0.29785827128094855,0.6487049590323286,False,False
FS20,Checklist proxy,fundamental,"CAPM alpha, US, 50 stocks, quarterly, fcf",-1.821089591514073,0.06859323921053306,0.6973288946141287,False,False
FS20,Checklist proxy,fundamental,"CAPM alpha, US, 12 stocks, annual, ey",-1.0997513614444148,0.27144046960891144,0.5888619556146129,False,False
FS20,Checklist proxy,fundamental,"CAPM alpha, US, 25 stocks, annual, ey",-2.0250675037351127,0.04286043318236543,0.5765315130958798,False,False
FS20,Checklist proxy,fundamental,"CAPM alpha, US, 50 stocks, annual, ey",-1.6237359384984538,0.1044321774220105,0.7436448677908046,False,False
FS20,Checklist proxy,fundamental,"CAPM alpha, US, 12 stocks, quarterly, ey",-0.2887102383761993,0.7728031271082949,0.6697553682611669,False,False
FS20,Checklist proxy,fundamental,"CAPM alpha, US, 25 stocks, quarterly, ey",-1.9685695295934287,0.04900254446754193,0.5702243795029656,False,False
FS20,Checklist proxy,fundamental,"CAPM alpha, US, 50 stocks, quarterly, ey",-2.059209191546956,0.03947420303922833,0.6862821860891131,False,False
FS21,Hierarchical risk parity (primary),portfolio,"HRP minus equal weight, pooled Sharpe, 5 markets (pre-registered)",0.9108014468837611,0.36240000000000006,,False,False
FS21,Hierarchical risk parity (primary),portfolio,"HRP minus inverse variance, pooled Sharpe, 5 markets (pre-registered)",-0.9260884805073879,0.35440000000000005,,False,False
US99,FS01 Turtle Traders,out-of-sample,"L/S net mean, US 1999-2012",-4.996650041016803,5.833479128636299e-07,-1.1301153502943417,True,True
US99,FS01 Turtle Traders,out-of-sample,"long-only alpha vs EW, US 1999-2012",-3.609634234675738,0.00030662906586154115,-0.2914514828550172,False,True
US99,FS02 Lottery (MAX),out-of-sample,"L/S net mean, US 1999-2012",-0.4709573657202058,0.6376711809698046,-0.1278324289857835,False,False
US99,FS02 Lottery (MAX),out-of-sample,"long-only alpha vs EW, US 1999-2012",1.3353027558019888,0.18177727705236202,0.6097798682188517,False,False
US99,FS03 Momentum,out-of-sample,"L/S net mean, US 1999-2012",-0.36241153841933443,0.7170445183179628,-0.10539635147291819,False,False
US99,FS03 Momentum,out-of-sample,"long-only alpha vs EW, US 1999-2012",0.064977347956908,0.9481920358445584,0.3283202241659731,False,False
US99,FS04 Low volatility,out-of-sample,"L/S net mean, US 1999-2012",-0.09119918841259543,0.9273343198204866,-0.024899608758362148,False,False
US99,FS04 Low volatility,out-of-sample,"long-only alpha vs EW, US 1999-2012",2.0784063496851575,0.03767194837969012,0.7326507468676462,False,False
US99,FS06 Same-month seasonality,out-of-sample,"L/S net mean, US 1999-2012",1.1593625200523963,0.246308447428516,0.2935610129115611,False,False
US99,FS06 Same-month seasonality,out-of-sample,"long-only alpha vs EW, US 1999-2012",0.6123235977618422,0.5403236798958875,0.518013247561588,False,False
US99,FS07 Size,out-of-sample,"L/S net mean, US 1999-2012",1.8811717876266243,0.05994855416055045,0.5483487831313426,False,False
US99,FS07 Size,out-of-sample,"long-only alpha vs EW, US 1999-2012",0.38684598772280704,0.6988702293659173,0.49444672188160255,False,False
US99,FS08 Short-term reversal,out-of-sample,"L/S net mean, US 1999-2012",-0.4502000578320539,0.652566194584832,-0.10883880825384658,False,False
US99,FS08 Short-term reversal,out-of-sample,"long-only alpha vs EW, US 1999-2012",-1.7507520973310935,0.07998862122485262,0.26091057278409924,False,False
US99,FS09 52-week high,out-of-sample,"L/S net mean, US 1999-2012",-0.9802900688421535,0.3269429555203447,-0.2693340556455974,False,False
US99,FS09 52-week high,out-of-sample,"long-only alpha vs EW, US 1999-2012",-0.641697652000046,0.5210695140683086,0.21629589693548637,False,False
US99,FS10 Betting against beta,out-of-sample,"L/S net mean, US 1999-2012",0.3919926748771548,0.6950636261772627,0.10754705484423616,False,False
US99,FS10 Betting against beta,out-of-sample,"long-only alpha vs EW, US 1999-2012",1.4065729111552856,0.1595540703494409,0.6173797878000143,False,False
US99,FS11 Residual momentum,out-of-sample,"L/S net mean, US 1999-2012",-0.12403941909245887,0.9012840641294755,-0.03233490386559069,False,False
US99,FS11 Residual momentum,out-of-sample,"long-only alpha vs EW, US 1999-2012",0.04518398801480191,0.9639606569282564,0.4632790512972159,False,False
US99,FS12 Buy at the 52-week low,out-of-sample,"L/S net mean, US 1999-2012",-0.2705665855215799,0.7867243983770733,-0.06206165862979446,False,False
US99,FS12 Buy at the 52-week low,out-of-sample,"long-only alpha vs EW, US 1999-2012",0.43310030722897147,0.6649418995949792,0.4648987811440373,False,False
US99,max1,out-of-sample,"FS13 signal, beta-neutral, financed, US 1999-2012",0.0013623056419066598,0.9989130376974393,,False,False
US99,max5,out-of-sample,"FS13 signal, beta-neutral, financed, US 1999-2012",0.5454902546442467,0.5854163812595181,,False,False
US99,min1,out-of-sample,"FS13 signal, beta-neutral, financed, US 1999-2012",-0.9561786629913664,0.338981977904266,,False,False
US99,min5,out-of-sample,"FS13 signal, beta-neutral, financed, US 1999-2012",-0.7448123134118532,0.45638519000404454,,False,False
US99,range,out-of-sample,"FS13 signal, beta-neutral, financed, US 1999-2012",-0.33154725948302,0.7402311496468665,,False,False
US99,asym,out-of-sample,"FS13 signal, beta-neutral, financed, US 1999-2012",0.2640651391500478,0.7917297256394842,,False,False
US99,skew,out-of-sample,"FS13 signal, beta-neutral, financed, US 1999-2012",-0.8252508162492473,0.40922920873910185,,False,False
US99,ivol,out-of-sample,"FS13 signal, beta-neutral, financed, US 1999-2012",-0.6582047757116761,0.5104065564796125,,False,False
US99,vol,out-of-sample,"FS13 signal, beta-neutral, financed, US 1999-2012",0.10602652094847467,0.915561310108701,,False,False
US99,vol252,out-of-sample,"FS13 signal, beta-neutral, financed, US 1999-2012",0.8131380851880115,0.41613889280761307,,False,False
US99,beta,out-of-sample,"FS13 signal, beta-neutral, financed, US 1999-2012",0.8943085418764926,0.3711568309515636,,False,False
US99,r1,out-of-sample,"FS13 signal, beta-neutral, financed, US 1999-2012",0.42530404861505755,0.6706150425674424,,False,False
US99,mom,out-of-sample,"FS13 signal, beta-neutral, financed, US 1999-2012",-0.8336660619625585,0.4044691876329378,,False,False
US99,resmom,out-of-sample,"FS13 signal, beta-neutral, financed, US 1999-2012",-0.33131962407660925,0.7404030697473165,,False,False
US99,seas,out-of-sample,"FS13 signal, beta-neutral, financed, US 1999-2012",1.3927967398107353,0.1636812645746315,,False,False
US99,hi52,out-of-sample,"FS13 signal, beta-neutral, financed, US 1999-2012",-1.4706212993011958,0.14139356051821972,,False,False
US99,lo52,out-of-sample,"FS13 signal, beta-neutral, financed, US 1999-2012",-2.5453601349130595,0.010916508643998624,,False,False
US99,brk55,out-of-sample,"FS13 signal, beta-neutral, financed, US 1999-2012",-2.2730406489900017,0.02302373046897621,,False,False
US99,size,out-of-sample,"FS13 signal, beta-neutral, financed, US 1999-2012",1.6892099896139432,0.09117919529186147,,False,False
US99,dbt_gr,out-of-sample,"FS13b signal, long-only alpha vs EW, US 1999-2012",0.9528914665475826,0.340645064164562,,False,False
US99,noa_at,out-of-sample,"FS13b signal, long-only alpha vs EW, US 1999-2012",-1.963747719538693,0.04955935566637115,,False,False
US99,nfna_gr,out-of-sample,"FS13b signal, long-only alpha vs EW, US 1999-2012",1.486841201840566,0.1370567566572345,,False,False
US99,sale_su,out-of-sample,"FS13b signal, long-only alpha vs EW, US 1999-2012",0.9697777617842739,0.33215727988463106,,False,False
US99,ni_be_ch,out-of-sample,"FS13b signal, long-only alpha vs EW, US 1999-2012",-0.2323138850790997,0.8162942286898076,,False,False
US99,ni_at_ch,out-of-sample,"FS13b signal, long-only alpha vs EW, US 1999-2012",0.7740078959183317,0.43892612193640335,,False,False
US99,bm,out-of-sample,"FS13b signal, long-only alpha vs EW, US 1999-2012",-0.8481831888707504,0.3963359580977337,,False,False
US99,ep,out-of-sample,"FS13b signal, long-only alpha vs EW, US 1999-2012",0.20272535799206887,0.8393497018911311,,False,False
US99,cfp,out-of-sample,"FS13b signal, long-only alpha vs EW, US 1999-2012",0.5072738731716351,0.6119626678951953,,False,False
US99,gp_at,out-of-sample,"FS13b signal, long-only alpha vs EW, US 1999-2012",1.9882496787512345,0.046784083133025955,,False,False
US99,op_be,out-of-sample,"FS13b signal, long-only alpha vs EW, US 1999-2012",1.3329069226879364,0.18256235050035663,,False,False
US99,at_gr,out-of-sample,"FS13b signal, long-only alpha vs EW, US 1999-2012",-0.6874497353604215,0.4917993653700923,,False,False
US99,capx_gr,out-of-sample,"FS13b signal, long-only alpha vs EW, US 1999-2012",-0.8175196690358206,0.41363151362227013,,False,False
US99,acc_at,out-of-sample,"FS13b signal, long-only alpha vs EW, US 1999-2012",0.6621002598812676,0.507906969289567,,False,False
US99,c_debt_issuance,out-of-sample,"FS13b signal, long-only alpha vs EW, US 1999-2012",0.2899308816554656,0.7718691156799231,,False,False
US99,c_profit_growth,out-of-sample,"FS13b signal, long-only alpha vs EW, US 1999-2012",0.7587486412966574,0.44800293364789257,,False,False
US99,c_value,out-of-sample,"FS13b signal, long-only alpha vs EW, US 1999-2012",0.33117130187327315,0.7405150960652411,,False,False
US99,c_profitability,out-of-sample,"FS13b signal, long-only alpha vs EW, US 1999-2012",1.8913570198831353,0.058576701879216486,,False,False
US99,c_investment,out-of-sample,"FS13b signal, long-only alpha vs EW, US 1999-2012",-0.4241378890454574,0.6714652546777753,,False,False
US99,c_accruals,out-of-sample,"FS13b signal, long-only alpha vs EW, US 1999-2012",0.6621002598812676,0.507906969289567,,False,False
US99,Momentum 12-1,out-of-sample,"FS13c multivariate slope, US 1999-2012",-0.6543849811515524,0.5128638080035262,,False,False
US99,FS18 overlay,out-of-sample,"overlay mean, US $50m, 1999-2012",-0.7161394732129455,0.4739052322209545,-0.1944361869131765,False,False
US99,FS20 checklist (primary),out-of-sample,"CAPM alpha, US 1999-2012, N12_annual_fcf (pre-registered)",2.6709914230923055,0.007562757920261287,,False,False
US99,FS20 checklist,out-of-sample,"CAPM alpha, US 1999-2012, N25_annual_fcf",3.1084187188890087,0.00188091375672772,,False,True
US99,FS20 checklist,out-of-sample,"CAPM alpha, US 1999-2012, N50_annual_fcf",3.4823957320297905,0.0004969487070429768,,False,True
US99,FS20 checklist,out-of-sample,"CAPM alpha, US 1999-2012, N12_quarterly_fcf",2.542548971225189,0.01100471789687596,,False,False
US99,FS20 checklist,out-of-sample,"CAPM alpha, US 1999-2012, N25_quarterly_fcf",2.9143563774699097,0.0035642276862235533,,False,True
US99,FS20 checklist,out-of-sample,"CAPM alpha, US 1999-2012, N50_quarterly_fcf",2.987261883223961,0.0028148848012958805,,False,True
US99,FS20 checklist,out-of-sample,"CAPM alpha, US 1999-2012, N12_annual_ey",2.590410016944575,0.009586167940103918,,False,False
US99,FS20 checklist,out-of-sample,"CAPM alpha, US 1999-2012, N25_annual_ey",2.0475062045641526,0.04060840829463763,,False,False
US99,FS20 checklist,out-of-sample,"CAPM alpha, US 1999-2012, N50_annual_ey",2.9328898575592204,0.0033582300471568516,,False,True
US99,FS20 checklist,out-of-sample,"CAPM alpha, US 1999-2012, N12_quarterly_ey",1.8917786314183935,0.05852048153970424,,False,False
US99,FS20 checklist,out-of-sample,"CAPM alpha, US 1999-2012, N25_quarterly_ey",1.8920624934609411,0.05848265483589499,,False,False
US99,FS20 checklist,out-of-sample,"CAPM alpha, US 1999-2012, N50_quarterly_ey",2.6704062749431543,0.007575951860157026,,False,False
US99,Project2 US leg (live book),out-of-sample,"alpha vs French US market, 1999-2011 (pre-registered)",1.1006467930327763,0.27105041159827503,0.3894774973101241,False,False
