seg,factor,cluster,ann,sharpe,t,n,pre_ann,pre_sharpe,pre_t,p,bh
usa,age,Low Leverage,-0.029464716265232824,-0.25152757660183556,-0.704178468842828,156,-0.010914449988731978,-0.10313979137160961,-0.865943417040749,0.4813216379221623,False
usa,aliq_at,Investment,-0.015129110304002807,-0.1737124363473246,-0.47956666537595777,156,0.017459987426558972,0.14567593280270014,1.0583960884738068,0.631535554179695,False
usa,aliq_mat,Low Leverage,-0.010334726113869108,-0.11187843612095591,-0.30812032836581876,156,-0.043342729176959194,-0.5232300979102565,-3.6761797531302416,0.7579907734367772,False
usa,ami_126d,Size,-0.03860255791978199,-0.4608847843528114,-1.6780230014788675,156,0.024017216932264416,0.2122816909635226,2.029722475120282,0.09334260877564904,False
usa,at_be,Low Leverage,-0.03733166147525228,-0.5578843748844047,-1.5556860833521784,156,-0.007681689213092886,-0.07374490456008923,-0.531403214855307,0.11978275743658773,False
usa,at_gr1,Investment,0.006613681296656588,0.08704604553661215,0.2370383137247044,156,0.031143658045217328,0.3286179897110634,2.3086110520115657,0.8126270670605473,False
usa,at_me,Value,-0.0009509512119398194,-0.007556839364063522,-0.0221486268576895,156,0.02609691416233767,0.19877318508746708,1.4166489973883507,0.9823293973524725,False
usa,at_turnover,Quality,0.03061502592003454,0.49264702266163535,1.7425945775746723,156,0.027349671597206908,0.34870118300771535,2.5731767055139727,0.08140445787884087,False
usa,be_gr1a,Investment,0.022248400508562097,0.3282169660937456,0.9810712670987791,156,0.015061958040109392,0.15079031293917122,1.0819082657402523,0.326557598462506,False
usa,be_me,Value,-0.014244460071067042,-0.12197150258036606,-0.3766101647740814,156,0.034628520839642296,0.2880125765624236,2.0561358753513703,0.7064633326836693,False
usa,beta_60m,Low Risk,-0.021268659729984173,-0.14780498949576262,-0.5421835856932419,156,-0.012481615080219211,-0.06661714091157968,-0.6034494134220357,0.5876920417872,False
usa,beta_dimson_21d,Low Risk,-0.011247606212655584,-0.09346062513255698,-0.38071086556102973,156,-0.010277015260826581,-0.06931574752311025,-0.7153518814560529,0.7034178054392826,False
usa,betabab_1260d,Low Risk,-0.02057621375883597,-0.13147113092554508,-0.4813891710795062,156,-0.00835633402444129,-0.042199490748841856,-0.3815350673704653,0.6302399315945262,False
usa,betadown_252d,Low Risk,-0.0326237681190302,-0.2226997581640401,-0.7362312922893851,156,-0.009573002196014528,-0.05383260922409395,-0.4958889372044131,0.46158995166094874,False
usa,bev_mev,Value,-0.01758684165024274,-0.14555694556320986,-0.43097813598694207,156,0.026483369119237148,0.20718861469994457,1.4595864947060568,0.6664842681931158,False
usa,bidaskhl_21d,Low Leverage,-0.04078960153934412,-0.27927251250654367,-0.8706165601873206,156,-0.003549177172952107,-0.023401426514463176,-0.20960531351447484,0.3839635513070365,False
usa,capex_abn,Debt Issuance,0.01227822108670177,0.31362330309736464,1.0774678590260014,156,0.029734437466396507,0.6769679018898582,4.955224357306154,0.28127130227446817,False
usa,capx_gr1,Investment,0.01511766772002009,0.3059682041547077,0.9544571123862027,156,0.04393256091632381,0.6010696429278899,4.519035990569665,0.3398523085409484,False
usa,capx_gr2,Investment,0.021696077508752763,0.3954015996968204,1.1631858103809265,156,0.03897294218744159,0.5610623630842225,4.037601552899037,0.24475412236186034,False
usa,capx_gr3,Investment,0.016660327890580837,0.2826664495465014,0.8428632094180301,156,0.027114071133851517,0.3796615314200619,2.568195992134313,0.39930495161435897,False
usa,cash_at,Low Leverage,0.029568703519420658,0.2782791340913146,0.7503906288591585,156,0.014229879569813038,0.12121620098111566,0.8777448235081569,0.4530194732763331,False
usa,chcsho_12m,Value,0.023478394201296188,0.25037846511442646,0.7559835844399374,156,0.03818353148745711,0.499748560961064,4.2501722760539655,0.4496590378779395,False
usa,coa_gr1a,Investment,-0.015137268552223582,-0.23214204816814776,-0.7678433470002565,156,0.03266354259706927,0.4183701884618329,3.1212883505542584,0.44258025843736437,False
usa,col_gr1a,Investment,-0.02243387768043051,-0.3263764813106006,-1.091231876167786,156,5.095691222269109e-05,0.0006054290545925298,0.004439689178582219,0.27517086501316745,False
usa,cop_at,Quality,0.038216186516354125,0.6005089673540104,2.1274095019555292,156,0.06565217335880014,1.1628783820360367,8.21346066885406,0.03338607333867194,False
usa,cop_atl1,Quality,0.031704729716059074,0.4773044653293852,1.6148970024018428,156,0.05514003151800308,0.9071966370949065,6.805517392257671,0.10633300152510472,False
usa,corr_1260d,Seasonality,-0.03754562774017537,-0.4133813949295695,-1.51525051868916,156,0.0044349333165497875,0.03940991594686503,0.4083191463211239,0.1297089739283137,False
usa,coskew_21d,Seasonality,0.02720472755205936,0.36429270385834067,1.0800658260982083,156,0.004087248518777416,0.07506323310688286,0.6942298787769414,0.2801128683973402,False
usa,cowc_gr1a,Accruals,0.008908063940425396,0.24846167866716223,1.1251444944071267,156,0.04276686930293803,0.874284574395351,6.007257073609716,0.2605278092695871,False
usa,dbnetis_at,Seasonality,0.01058856584685125,0.23320138041412086,0.6330231881991231,156,0.026599965759079726,0.654029693705086,4.303282672764168,0.5267185005618926,False
usa,debt_gr3,Debt Issuance,-0.004047940439705092,-0.0791425040309631,-0.23359398507554902,156,0.031127121214266945,0.7885110808929214,5.569301905946854,0.8153001977915522,False
usa,debt_me,Value,-0.0044946635187527945,-0.03708667708050339,-0.11102808807784278,156,0.007490257618934331,0.05958725166887987,0.425155821298012,0.9115940733627081,False
usa,dgp_dsale,Quality,0.0032938838838498337,0.057742333928549675,0.20988244729941513,156,0.021103876017556592,0.43801023848058557,3.2325757992689246,0.8337594221405411,False
usa,div12m_me,Value,-0.0011518522000225067,-0.010467190738221806,-0.03146785421979975,156,0.012612751676400899,0.08577250054875811,0.7523054673936636,0.9748964280590915,False
usa,dolvol_126d,Size,-0.027430870949913644,-0.38782686960072454,-1.491556455527591,156,0.01859587544913638,0.19387814157881467,2.1942225437709983,0.13581546075213735,False
usa,dolvol_var_126d,Profitability,0.02531726179221494,0.3062617001395857,0.8990285843438502,156,0.0046599161503261995,0.05735510706255105,0.5760135839999118,0.3686374354150992,False
usa,dsale_dinv,Profit Growth,5.971163954522256e-05,0.0013492909091590184,0.004235948436099503,156,0.04058575708162701,1.0423370562518612,7.640505522327876,0.9966202122498835,False
usa,dsale_drec,Profit Growth,0.020949659175164316,0.5404935290137504,2.105861086087688,156,-0.017455437374503033,-0.4558859374761493,-3.5433717776426787,0.03521642075937703,False
usa,dsale_dsga,Profit Growth,0.008519338865946654,0.15383739044570385,0.44439671995402996,156,0.0013603808821036156,0.02698738164331656,0.22216298221577999,0.6567557844658312,False
usa,earnings_variability,Low Risk,0.006004726523653461,0.15690731511315312,0.6201193725266901,156,0.009724099388827144,0.15353191866462731,1.100887023204603,0.5351791988040944,False
usa,ebit_bev,Profitability,0.04378522960945483,0.49805457293767247,1.6975476115290948,156,0.03639169719007824,0.4412953887437325,3.0500314338225536,0.08959317770945807,False
usa,ebit_sale,Profitability,-0.0018890374867766811,-0.01928428418752389,-0.06044974184392977,156,0.0067101726704647206,0.06466444886300779,0.44027424514706637,0.9517974427978382,False
usa,ebitda_mev,Value,0.013226036270039581,0.09726887808982793,0.2914379568641932,156,0.06860805086645608,0.5191175082707282,3.440737344466516,0.7707163884148507,False
usa,emp_gr1,Investment,0.00602188566873783,0.07204725702801901,0.20615330582960614,156,0.01853109039914927,0.2093913819930202,1.5274642053638205,0.8366711608945576,False
usa,eq_dur,Value,-0.011743536744302181,-0.10089985850961503,-0.34067802356343285,156,0.04384778101037554,0.3680707222864954,2.461791955454117,0.7333459846801222,False
usa,eqnetis_at,Value,0.04102597430673815,0.5358081149762463,1.4824931126158154,156,0.058567982485180164,0.4548786697890163,2.745193922386312,0.13820913485149866,False
usa,eqnpo_12m,Value,0.0162340564487294,0.1425361493927399,0.4306026707490888,156,0.026745620337398898,0.20892795304380177,1.8746720002778163,0.6667572989217772,False
usa,eqnpo_me,Value,0.041016120580176466,0.34913959668140027,1.0025365855604866,156,0.05585244120521792,0.3782210974558918,2.2248117098796345,0.3160845058735735,False
usa,eqpo_me,Value,0.030225561106495904,0.2599104823715352,0.764964511350325,156,0.04359972641406218,0.28267327518327967,1.6387381008308695,0.444292677346533,False
usa,f_score,Profitability,0.003209782229882785,0.03897275473371469,0.12627145799923847,156,0.03862413834944274,0.5255024383629979,3.817844746291485,0.8995170486089501,False
usa,fcf_me,Value,0.05189783645223281,0.507885787234838,1.5023264929011209,156,0.05269150007154018,0.6309133189036437,4.168093373321404,0.13301280985846264,False
usa,fnl_gr1a,Debt Issuance,0.0031397860798688263,0.07957909392702059,0.2124157063976254,156,0.03561624029877359,1.0335631892889625,7.22868619263656,0.8317827334219134,False
usa,gp_at,Quality,0.03740762484815436,0.4707201619471079,1.421691741234249,156,0.034394371616686,0.4358132210040114,3.2307170425378855,0.1551157587081997,False
usa,gp_atl1,Quality,0.030350958109043164,0.3567991796106294,1.003539826757286,156,0.022979007104478408,0.2598198865579211,1.9807813600131905,0.31560047094986876,False
usa,inv_gr1,Investment,0.00708931117936146,0.13000405373900364,0.4259674309473544,156,0.050668549529512524,0.7854631602213146,5.730657099067947,0.6701315783837647,False
usa,inv_gr1a,Investment,-0.0069691459785630495,-0.1350572944450826,-0.43723146943774194,156,0.042003430436794414,0.6971633082722088,5.502591704729107,0.6619434895307321,False
usa,iskew_capm_21d,Short-Term Reversal,0.004884890832246454,0.11943287336395955,0.4831068203975305,156,0.016860700565778902,0.4002530391965539,3.541103499873929,0.6290198915655749,False
usa,iskew_ff3_21d,Short-Term Reversal,-0.005458016076578516,-0.14042088395153335,-0.4927395476649701,156,0.0034595580703225917,0.10139740628445364,0.7809905643459291,0.6221966301166728,False
usa,iskew_hxz4_21d,Short-Term Reversal,0.00027276759572342023,0.00741722075177093,0.030409319017223883,156,-0.003766788346299327,-0.10422669027305036,-0.6661711796285035,0.9757406127930159,False
usa,ival_me,Value,0.005562745104987093,0.061131874119208375,0.2470848784321876,156,0.04780540779148153,0.4768460603674138,3.2292253929015953,0.8048425362428564,False
usa,ivol_capm_21d,Low Risk,0.04193391449471098,0.3029152185447358,0.9925610438755316,156,0.022972289961664297,0.13951610227670214,1.246183454223418,0.3209239171379017,False
usa,ivol_capm_252d,Low Risk,0.011327629309095982,0.07197523993584871,0.2231620014784012,156,0.005271967800919135,0.028578785499253526,0.2506015306097194,0.8234094246228263,False
usa,ivol_ff3_21d,Low Risk,0.04228694084926072,0.3235390818372365,1.0274500056437608,156,0.03249136695184387,0.20736036125483376,1.5605214829191758,0.3042086152066561,False
usa,ivol_hxz4_21d,Low Risk,0.04208781380943879,0.32700725275797204,1.044247058873991,156,0.03592321863588866,0.20392055720780722,1.3277150851852877,0.2963710997162856,False
usa,kz_index,Seasonality,-0.032715991797972646,-0.5143417296488895,-1.5628440730105249,156,-0.004352391465126613,-0.06316939150453481,-0.4591785179971637,0.11808927490448395,False
usa,lnoa_gr1a,Investment,0.022656412524998896,0.42902396737899245,1.2162939350490816,156,0.045532801589323185,0.7461703995466772,5.264869172065852,0.22387297106941695,False
usa,lti_gr1a,Seasonality,0.00888203930498677,0.29760478459412154,1.2306129296103312,156,0.005395477498583932,0.1430208314125331,1.0816335721011554,0.2184676670997736,False
usa,market_equity,Size,-0.023734037627534284,-0.23623764242966194,-0.8355732068120295,156,0.02884466806404523,0.22500800919684524,1.9814328506434624,0.4033950470170593,False
usa,mispricing_mgmt,Investment,0.03288615437065301,0.47002437926837637,1.2954701790130996,156,0.056657513208663156,0.6627932097709183,4.583951884407952,0.1951580821817691,False
usa,mispricing_perf,Quality,0.05052705233788306,0.4725811710511749,1.6629244537075931,156,0.06126755883284585,0.4345048724149906,4.125839633521516,0.09632755873278565,False
usa,ncoa_gr1a,Investment,0.020690994664709604,0.3932778544458692,1.1469741922799777,156,0.05153034652741202,0.9085327522197921,6.0926505964051065,0.25139228725812424,False
usa,ncol_gr1a,Debt Issuance,-0.011724364807500885,-0.31763669189160776,-1.158105125991105,156,0.009456686464312667,0.21609072145954175,1.625334822867596,0.24682113840905529,False
usa,netdebt_me,Low Leverage,0.03042064687032503,0.30431253635388955,0.8804191495849372,156,0.005274135462952575,0.04737091866552942,0.3306293416147632,0.3786322863888716,False
usa,netis_at,Value,0.041041310281444074,0.5849512096010111,1.5733296189376573,156,0.054385727182672775,0.5198171128017413,3.0174786428572324,0.11564251445800844,False
usa,nfna_gr1a,Debt Issuance,0.0056555501106007235,0.17249872895393983,0.5314838027700605,156,0.03482723024160321,0.9914708056096151,6.677591564900157,0.5950835625321163,False
usa,ni_ar1,Debt Issuance,0.0008098294450831606,0.02493247510398581,0.07683092304288258,156,-0.0009008723352845543,-0.027292882779217823,-0.1968466517419814,0.9387580504072952,False
usa,ni_be,Profitability,0.023111141095171168,0.23931343667058286,0.7868814740022252,156,0.026330369138600096,0.28570831221375187,2.0147434318093005,0.4313512534083086,False
usa,ni_inc8q,Quality,0.0016466878791392995,0.032827844838208935,0.11397499099215598,156,0.006036212762600998,0.09472909712465101,0.6292885286886539,0.9092576185313892,False
usa,ni_ivol,Low Leverage,0.004267571549293798,0.05428324598054051,0.18511371931691156,156,-0.005110053603116114,-0.04369736990065349,-0.29777248129302,0.8531398411153781,False
usa,ni_me,Value,0.0003903295691957174,0.0031500544798752244,0.009683354499677879,156,0.055041468226444706,0.401070019474421,2.702119945087296,0.9922739216904353,False
usa,niq_at,Quality,0.02302145795294394,0.23635018753621068,0.7850705283566851,156,0.030269007696324454,0.30955903254113104,1.8207900832665433,0.4324122181446719,False
usa,niq_at_chg1,Profit Growth,0.01845463465576809,0.38243926098888753,1.3453900191159627,156,0.02977537811861409,0.4955425635611776,2.9219786854282854,0.17849931673269692,False
usa,niq_be,Profitability,0.03351874280435505,0.38336658360903025,1.2611511970388785,156,0.04170500469168199,0.43211340984027274,2.662276151480929,0.20725437787816747,False
usa,niq_be_chg1,Profit Growth,0.02211773048147659,0.47405175726281973,1.5366924643655908,156,0.03409559524577949,0.5501676508728436,3.2069106740197997,0.12436863733717418,False
usa,niq_su,Profit Growth,0.01734061728306663,0.42557744876683423,1.447071629200832,156,0.03275530384551636,0.6106406220560989,4.123804780161545,0.14787686302019631,False
usa,nncoa_gr1a,Investment,0.02916980432810548,0.5464516685311424,1.579624432790292,156,0.05182369357234061,0.8848232304934223,6.255947279501821,0.11419290049375408,False
usa,noa_at,Debt Issuance,0.05798154324234167,0.8597003797010656,2.9733074994839255,156,0.05074045678240366,0.9716780992570363,6.448324349503138,0.0029460913988212933,False
usa,noa_gr1a,Investment,0.03222592483624849,0.6260772408166757,1.8052960266446507,156,0.06148778390606974,0.849787993526082,5.7807837573530945,0.07102837108251236,False
usa,o_score,Profitability,0.0255826235498824,0.3168400960503159,1.0079231427409612,156,0.022860177827796903,0.34380538822938433,2.596646943497798,0.31349136052563376,False
usa,oaccruals_at,Accruals,0.00988293730095679,0.1561311763003854,0.5475183196080021,156,0.052531702508788025,0.8700878617121274,5.8770531882665615,0.5840226880932,False
usa,oaccruals_ni,Accruals,0.008884757752744419,0.18863899047427304,0.6480363072109185,156,0.04741280434598084,0.957080852510951,7.005668756691172,0.5169614676444694,False
usa,ocf_at,Profitability,0.03624921551507893,0.41653230621877113,1.3371634794911167,156,0.05384111966346659,0.7167725442285491,5.091451541015643,0.18116927998439025,False
usa,ocf_at_chg1,Profit Growth,0.012883177345464935,0.30552805725601984,0.952645599005664,156,0.025839759628969443,0.6981051780031109,4.827130261828415,0.3407696652916583,False
usa,ocf_me,Value,0.021015216815871873,0.16060234827303022,0.4499889695309921,156,0.06726248458597414,0.5537432341304017,3.773387061689998,0.6527183941585513,False
usa,ocfq_saleq_std,Low Risk,0.005246135010367957,0.08096253547706983,0.26983945069704657,156,0.013794563040720296,0.14812271566574856,0.9609590478100664,0.7872837709247922,False
usa,op_at,Quality,0.033188906514541726,0.3893820688393283,1.291690965325923,156,0.03645487920788537,0.5167568015069944,3.685798853156414,0.19646418749871164,False
usa,op_atl1,Quality,0.028328694423655154,0.337718857144542,1.1196227577541067,156,0.025733064770381626,0.3378562060150727,2.4840951837375194,0.2628745534142545,False
usa,ope_be,Profitability,0.03195888993952786,0.35056783088160526,1.1349117237695645,156,0.03913003285155908,0.4421716335868768,3.2246568533495457,0.2564123072498745,False
usa,ope_bel1,Profitability,0.01676224914525012,0.20709762274206722,0.7563512839512834,156,0.02621816172891895,0.34603586395814406,2.5360557420431844,0.44943860789428136,False
usa,opex_at,Quality,0.024751007870144393,0.4438152628484606,1.3503074192713433,156,0.0276172089485366,0.36372166135026707,2.634562900566814,0.17691739348460622,False
usa,pi_nix,Seasonality,-0.001811279229621318,-0.04099800084762881,-0.18037367369182938,156,0.014432000191534802,0.309145564599033,2.067852811031614,0.8568592206936843,False
usa,ppeinv_gr1a,Investment,0.015389022458971693,0.3276886739519621,1.0847115607184106,156,0.047596350005049304,0.6163927978134747,4.12195734206199,0.27804942596348625,False
usa,prc,Size,-0.026741876056029207,-0.25557836577118137,-0.8692203486178216,156,0.022479459105195953,0.14614606582686882,1.2776547916288532,0.38472661949449494,False
usa,prc_highprc_252d,Momentum,0.05606372883668583,0.3825412421011127,1.4659952253470847,156,0.005593145084447024,0.030203689980747295,0.2830050823919274,0.14264958762768498,False
usa,qmj,Quality,0.018682796108524313,0.23138900836256898,0.7616977002691159,156,0.03843392291679663,0.5676548046616011,4.06241730675842,0.44624044822179343,False
usa,qmj_growth,Quality,0.0194190462778377,0.39553419091493097,1.30219488107961,156,0.032355168548047035,0.5852417378684088,4.1892888419207175,0.1928497746325486,False
usa,qmj_prof,Quality,0.025283113878658076,0.3215879545459594,1.1061742283913167,156,0.04479116498900853,0.6551095058831214,4.770560012658738,0.2686511152987201,False
usa,qmj_safety,Quality,-0.0019100312889766182,-0.021756381485938697,-0.08020950072830871,156,-0.006839143799355679,-0.04252591006264342,-0.38908692067597905,0.9360706340216858,False
usa,rd5_at,Low Leverage,0.07608663183603445,0.6695835149972537,2.660769298065376,156,0.024780679469563548,0.1779070479444672,1.192123043875452,0.007796235477406821,False
usa,rd_me,Size,0.0598223582846263,0.6436247257705973,2.5773162288604676,156,0.044539483864671506,0.43539425585813796,3.2031210549250835,0.009957081143507462,False
usa,rd_sale,Low Leverage,0.05549181792494723,0.40552813435330615,1.4276087649578426,156,0.012449288802892707,0.07550159114379958,0.5236848057847808,0.15340449937671163,False
usa,resff3_12_1,Momentum,0.01394520149679574,0.21007449808092304,0.9075605033648045,156,0.08024847570151791,1.0374651349937902,7.242350600093934,0.3641104697590314,False
usa,resff3_6_1,Momentum,0.020292661886728333,0.3075681749426195,1.4502233649952634,156,0.03960738596222187,0.5454374520187829,4.032556500736116,0.1469962414899637,False
usa,ret_12_1,Momentum,0.036595259494135876,0.30518513325134167,1.2082259713625605,156,0.07747694276256732,0.4593244611517169,4.418633352447208,0.22696035449082297,False
usa,ret_12_7,Profit Growth,0.00836212474229963,0.08244670563673413,0.2539308166612853,156,0.07670749103331308,0.5600991274073055,4.508054959130478,0.7995490066488173,False
usa,ret_1_0,Short-Term Reversal,-0.0038541553859478676,-0.03878910970074818,-0.1577629688842129,156,0.06518693391507156,0.5180948457617631,4.755592755524924,0.8746435797115057,False
usa,ret_3_1,Momentum,0.010526405582330974,0.1026065532982808,0.4031499468043742,156,0.011466039221463584,0.08273147245262916,0.7622788067571065,0.6868379189103515,False
usa,ret_60_12,Investment,-0.0104915825419417,-0.10670129195921298,-0.3302766432091787,156,0.03211031394743286,0.27547928320742643,2.1636018286899357,0.7411909396793988,False
usa,ret_6_1,Momentum,0.048605464631564274,0.4611871019219944,2.499766927197476,156,0.029399352832849703,0.1809354204597517,1.5810451165680954,0.012427503772651338,False
usa,ret_9_1,Momentum,0.04949645698568424,0.42107210380351767,2.0518433406349597,156,0.05598989254961511,0.33858202773201457,3.2555466183708974,0.040184889735059626,False
usa,rmax1_21d,Low Risk,0.022154013850907133,0.17154531451741523,0.5594970584054598,156,0.033964402537596104,0.2084338902517383,1.9040475606500187,0.5758225382234794,False
usa,rmax5_21d,Low Risk,0.02675610237563789,0.18682794989479445,0.5947497009505853,156,0.03793693915604281,0.2113771058881884,1.8804298955096346,0.5520107941396402,False
usa,rmax5_rvol_21d,Short-Term Reversal,0.020180802130938733,0.29312188689193736,1.0371318587774863,156,0.05339875176082909,0.716045786793489,7.4138063410665,0.2996744094054842,False
usa,rskew_21d,Short-Term Reversal,0.008159056375599499,0.17131216449936448,0.6000527736092975,156,0.02341843312692082,0.511449046541473,4.669006975958832,0.548471065126984,False
usa,rvol_21d,Low Risk,0.04018806492282082,0.25742868157535526,0.8737012147849984,156,0.018130261985297522,0.09505829152646376,0.8678626171820576,0.38228098922727205,False
usa,sale_bev,Quality,0.05680555034325628,0.9753082633084693,3.0563598208229585,156,0.03759473958547444,0.5328189919293217,3.942951355804258,0.0022404221399154878,False
usa,sale_emp_gr1,Profit Growth,0.004586722973409365,0.08827836923888197,0.2907771306544405,156,0.006368506411915966,0.1420548440859023,1.0381684103246203,0.7712217770534955,False
usa,sale_gr1,Investment,0.001330701285600124,0.014851310001474235,0.043461986080125206,156,0.01608892986289584,0.16105736075191338,1.2014054304754964,0.9653332665892971,False
usa,sale_gr3,Investment,-0.0016722164428645172,-0.020501781626040216,-0.06473041963990178,156,0.010669226460543482,0.12722612944638093,0.88109239445001,0.9483886422349386,False
usa,sale_me,Value,0.025049756201537515,0.2169524078060632,0.6640342160245546,156,0.04996547767516711,0.3977230209950091,2.6260486351163914,0.5066684120334446,False
usa,saleq_gr1,Investment,-0.00591342232203849,-0.06871305888076489,-0.209679783380856,156,0.002063943074437712,0.019252357540147404,0.12659974921735792,0.8339176053035267,False
usa,saleq_su,Profit Growth,0.014601166780639751,0.25878037132734566,0.9415402649253679,156,0.010279947640844927,0.1634966141995195,1.0197128193654164,0.3464280651842535,False
usa,seas_11_15an,Seasonality,-0.007866216192511323,-0.14990910222181522,-0.4863786501378795,156,0.02943477723297143,0.5708489966089887,5.019531016000689,0.6266987249090581,False
usa,seas_11_15na,Seasonality,-0.0025759028437831403,-0.046227332124541456,-0.14749891528195805,156,0.020615345026673462,0.33484523911766234,2.797665886751679,0.882738235845576,False
usa,seas_16_20an,Seasonality,0.04114909080437394,0.7754101032526428,2.923369598820666,156,0.026611017475534203,0.48686382518856486,3.8902805583172593,0.0034626522896148426,False
usa,seas_16_20na,Accruals,-0.019154583045522335,-0.35316626865082146,-1.3735296073024639,156,0.009596499978842342,0.16960898855987777,1.3820325508542022,0.16958776347956217,False
usa,seas_1_1an,Profit Growth,-0.006946597075382589,-0.091717501521337,-0.38922486268021733,156,0.04891665174679786,0.47087050448789924,4.349470603660551,0.6971098129686712,False
usa,seas_1_1na,Momentum,0.05802923513893181,0.48891665375211224,2.190776916036143,156,0.0361745151152156,0.21799419091223518,1.904372500443913,0.028467939878786597,False
usa,seas_2_5an,Seasonality,-0.016695273807699813,-0.22142548036407975,-0.721049886601091,156,0.04363803491984077,0.5040009904669871,4.2209733320571905,0.4708788221081952,False
usa,seas_2_5na,Investment,-0.023194984691428392,-0.2412700641859719,-0.7158125440963076,156,0.04259788584417233,0.37505115339580614,2.9592458492646148,0.47410710570839787,False
usa,seas_6_10an,Seasonality,0.011450918322115432,0.20493865662157643,0.7391082811050943,156,0.047370762616810155,0.7119126651419501,6.429928102581473,0.45984124873120447,False
usa,seas_6_10na,Low Risk,0.034596436218244805,0.5461043272572349,1.7475485191892242,156,0.03171817163879881,0.4286090095761198,3.347340992179719,0.08054223636975211,False
usa,sti_gr1a,Seasonality,-0.015440147707632322,-0.5956606458717164,-2.1148466032976496,156,-0.003280640374956411,-0.06421110790832452,-0.39981552662592,0.03444302340991845,False
usa,taccruals_at,Accruals,0.001165416378836946,0.023349235154375588,0.07424262998016237,156,0.02472556429924079,0.42505232557555106,2.919704107492559,0.9408173256084897,False
usa,taccruals_ni,Accruals,-0.003533491935220531,-0.08116820492919796,-0.2998188469019565,156,0.02262475412696084,0.4703387752205649,3.4058883113178995,0.764315338544798,False
usa,tangibility,Low Leverage,0.006387521842102289,0.0957171732567084,0.29818730150643,156,0.016965611338696483,0.2383807616614469,1.6664194781394364,0.7655602131277286,False
usa,tax_gr1a,Profit Growth,0.014533039879864797,0.34295221790039143,1.0348726794415517,156,0.016948889540058472,0.25373965306190255,1.9255643850466473,0.3007283751338292,False
usa,turnover_126d,Low Risk,-0.011334542206840662,-0.10120613669615094,-0.3361792168635489,156,0.00461461168621898,0.03279390128988686,0.30757649346853744,0.7367357243298636,False
usa,turnover_var_126d,Profitability,0.026241342995385764,0.34909503980342077,0.9918823104307399,156,0.004485641461028857,0.055830214073916286,0.5607871688227585,0.3212549392572508,False
usa,z_score,Low Leverage,0.008419965665995703,0.08828129916106436,0.2411806347724872,156,0.0018019283304428692,0.015897281111362488,0.10607354478039764,0.8094151191678964,False
usa,zero_trades_126d,Low Risk,-0.012041048564881628,-0.10788295261402679,-0.35645128047248636,156,0.008135223364603397,0.06531604304191227,0.6409236609125769,0.7215026316158628,False
usa,zero_trades_21d,Low Risk,-0.012305273840039566,-0.11606189266579363,-0.41015121090539663,156,-0.01459326711639113,-0.11740121971571588,-1.1571912559228477,0.6816950282088872,False
usa,zero_trades_252d,Low Risk,-0.015065493578948064,-0.13509020456561066,-0.42962644278460205,156,0.01445069187431133,0.11937952775372704,1.1832063071038057,0.6674673986896764,False
gbr,age,Low Leverage,-0.12657402693135628,-0.9082214841724701,-2.3718837451197166,156,-0.12733007402041455,-0.5844179455931958,-2.4054949985192575,0.01769765817811786,False
gbr,aliq_at,Investment,-0.0073509807038509255,-0.0811277345738218,-0.23677891494606088,156,0.016720516299779293,0.1417462551544458,0.6026302197361648,0.8128283099054558,False
gbr,aliq_mat,Low Leverage,-0.018745436825671032,-0.18968734657434724,-0.611789598245158,156,-0.039001481464794194,-0.3257140256865082,-1.3221718223405603,0.5406769726108651,False
gbr,ami_126d,Size,-0.010690751954415286,-0.14802874927747303,-0.4705740256725416,156,0.002021485919329045,0.019606251905476196,0.07301200750454427,0.6379449598901501,False
gbr,at_be,Low Leverage,-0.028453701791456315,-0.4128033150813086,-1.2654812626093703,156,-0.0031176050289363744,-0.033508118368143686,-0.15064035223789982,0.20569886105920565,False
gbr,at_gr1,Investment,0.013424441760813477,0.1785404035151719,0.5672053065332795,156,0.02310381779641892,0.21127386039957716,0.9335817950217051,0.5705747031692447,False
gbr,at_me,Value,0.035673425616106404,0.31334189766876563,0.9934062282848702,156,0.012657056597133877,0.08186557120685903,0.36756680537750125,0.32051202758594766,False
gbr,at_turnover,Quality,-0.013134989434505955,-0.1854828539820043,-0.6215215236674244,156,0.017879734464234295,0.19419573280593752,0.9351781497924393,0.5342565372858941,False
gbr,be_gr1a,Investment,0.004717118851861159,0.057979673687946424,0.18960863185627894,156,0.019368415034461302,0.18509343908586812,0.8124994275618813,0.8496158226765254,False
gbr,be_me,Value,0.022072949092420843,0.2035769341401442,0.6276134600685043,156,0.010948478435820658,0.07861069156272787,0.3517002829535498,0.5302571889832148,False
gbr,beta_60m,Low Risk,-0.025601569382087158,-0.20215698046677175,-0.7574248743184933,156,0.00421978970954711,0.02881014192220407,0.13089227011967627,0.44879535841706963,False
gbr,beta_dimson_21d,Low Risk,0.004978266338688859,0.046895190427661625,0.2077462032560595,156,-0.014631709008995727,-0.12990457566896219,-0.6701280873273632,0.8354271396343254,False
gbr,betabab_1260d,Low Risk,-0.021038385561550715,-0.15231998597845095,-0.56936962611955,156,0.044469178973203224,0.31817891283030986,1.4215197851873873,0.5691053251042641,False
gbr,betadown_252d,Low Risk,-0.030450327576321472,-0.2714898351153861,-1.0478881769762816,156,0.010639787032084047,0.08777046080924344,0.39675392085692723,0.2946901301088247,False
gbr,bev_mev,Value,0.026426646406095034,0.23185470693698876,0.7192764411789427,156,0.01226760428580318,0.08701322713493653,0.37297730329691825,0.4719706085735216,False
gbr,bidaskhl_21d,Low Leverage,-0.019811683267037066,-0.22473841556347718,-0.6469548061331026,156,-0.03512150864414884,-0.3201571704892579,-1.1159692481999302,0.5176611934927966,False
gbr,capex_abn,Debt Issuance,-0.013381261041862543,-0.23514007787297975,-0.7004946920841097,156,0.025493697044510447,0.21556935498791155,1.0472467511731445,0.4836184188448365,False
gbr,capx_gr1,Investment,0.03362154969460604,0.48505358436415064,1.9393685046026188,156,-0.002509731052245225,-0.019966587890854294,-0.09259642075950601,0.052456482754746014,False
gbr,capx_gr2,Investment,0.04058021381637539,0.5499499169668273,2.0695959565786226,156,0.014810697759504447,0.1380910824511535,0.6103818654825481,0.03849019703668888,False
gbr,capx_gr3,Investment,0.03273951415896591,0.4380953308861791,1.5521030001340175,156,0.02903389118174685,0.2565116989520109,1.117482914941474,0.12063758026010718,False
gbr,cash_at,Low Leverage,0.0242651839215137,0.39371240396398616,1.1336608380005415,156,0.011339095241113284,0.1265696386859214,0.5321734254675291,0.25693684278556916,False
gbr,chcsho_12m,Value,0.02638094264195904,0.47479841112734555,1.397554049709949,156,0.0429517163836763,0.5104858370387666,2.2475616938793443,0.16224702512262978,False
gbr,coa_gr1a,Investment,0.029221638346455674,0.3242203096324049,1.0469638849133627,156,0.05057163056363681,0.5399736641072167,2.385349127274998,0.2951162352443246,False
gbr,col_gr1a,Investment,-0.03929597743360053,-0.4785556093346737,-1.7263336370544249,156,0.014965652004130279,0.15025272949822147,0.6439441265788794,0.08428740722639638,False
gbr,cop_at,Quality,0.034788597432769526,0.5367456631297193,2.2047645998452143,156,0.06433507765265783,0.8059217783187731,4.183984513842644,0.02747061735392453,False
gbr,cop_atl1,Quality,0.019264328496915752,0.27722713569926877,1.0470996997665465,156,0.04413601355744368,0.5457905833346526,2.714852550216738,0.29505359778788076,False
gbr,corr_1260d,Seasonality,-0.013001346235127588,-0.1509458572458278,-0.45655448416382377,156,0.024830482627777553,0.24658428684611333,1.264153684245682,0.647991300873322,False
gbr,coskew_21d,Seasonality,-0.013687436591255646,-0.16598300071867947,-0.6908747587063765,156,0.028345206573549046,0.39668638526936195,2.0597821395267344,0.4896442497430047,False
gbr,cowc_gr1a,Accruals,0.07735192763247353,1.2111144736560127,3.9774753421697393,156,0.03981103539118587,0.4734776367280027,2.1370982794569775,6.96508428261744e-05,True
gbr,dbnetis_at,Seasonality,0.026452483359375188,0.5927708703953396,2.198893024232651,156,0.04145408672762003,0.6696814630576189,3.4032931071053647,0.027885529752766702,False
gbr,debt_gr3,Debt Issuance,0.06795510365076854,1.0791430412898908,3.1138643882414816,156,0.04838714917190611,0.5427920981201215,2.6422997599585174,0.0018465434008174686,True
gbr,debt_me,Value,0.00919288183055447,0.08592043447380632,0.24448727804874246,156,-0.0012326660155126381,-0.008552045002657913,-0.0387874189129304,0.806853453720541,False
gbr,dgp_dsale,Quality,0.037670974073212,0.5435768940509834,2.046515755713809,156,0.014125848760102378,0.18327274507136515,0.988061784948743,0.04070565392270842,False
gbr,div12m_me,Value,0.010867753064336629,0.14548542140557563,0.5590203038259209,156,0.015822980397303104,0.13695964692971033,0.5944760006875817,0.5761478634421506,False
gbr,dolvol_126d,Size,-0.008493765153708616,-0.1229746758623933,-0.40593202434781533,156,0.007780673256035618,0.08532879214404332,0.33147768645929343,0.684792546993247,False
gbr,dolvol_var_126d,Profitability,0.0007933886824052313,0.011241416643850841,0.03634843705299686,156,-0.012880099315178053,-0.14632260378529388,-0.5753457282924124,0.9710045282524193,False
gbr,dsale_dinv,Profit Growth,-0.0011538983375872472,-0.018712040660850096,-0.08345263777722808,156,0.025887730485788137,0.3235130706469013,1.7218623717883115,0.9334916355444616,False
gbr,dsale_drec,Profit Growth,-0.008983545982415297,-0.1521093233198816,-0.5425113624946051,156,-0.00934801977956804,-0.12517080157464722,-0.582830352593254,0.5874662820902004,False
gbr,dsale_dsga,Profit Growth,-0.010636590842554371,-0.15055715335615585,-0.5388414397682285,156,0.0041946922601649025,0.04266442899164834,0.24313951225284902,0.5899962670834922,False
gbr,earnings_variability,Low Risk,-0.0228517659561768,-0.4693633603240083,-1.5326624775499198,156,-0.00893019852077688,-0.10146827939542263,-0.56026010331103,0.12535903889801414,False
gbr,ebit_bev,Profitability,0.03498349512365785,0.46230804253316216,1.5719425862654737,156,0.05477440945854556,0.6598105124524479,2.848704823680513,0.11596386693693517,False
gbr,ebit_sale,Profitability,0.02825392892780057,0.3646682985310738,1.140779401891019,156,0.03649234602464625,0.41183656855374073,1.8859048131064347,0.2539617344005778,False
gbr,ebitda_mev,Value,0.056300157328836906,0.7329157611919582,2.58161249705465,156,0.06632402688762457,0.459098937142466,1.9306583259186867,0.009833993474380076,False
gbr,emp_gr1,Investment,0.03473834945429059,0.4894958486135846,1.775094755382795,156,0.03708583436502033,0.387785762481972,1.7888637596258847,0.07588224282368872,False
gbr,eq_dur,Value,0.04620689478857759,0.46883969730396047,1.470982104843505,156,0.04047081897092543,0.32517301723069253,1.4163594202640521,0.14129595646909476,False
gbr,eqnetis_at,Value,0.038868368893060494,0.5657325769262768,1.5244140690171717,156,0.06477985108174071,0.4627036345299319,2.0651879059806335,0.1274053077980224,False
gbr,eqnpo_12m,Value,0.027660147041697135,0.3786112648526741,1.0421832046226918,156,0.04924486873677993,0.43279486037694637,1.7232151359418286,0.29732674831116457,False
gbr,eqnpo_me,Value,0.03383024280029723,0.39894027202417925,1.4826179976329685,156,0.04262483837451223,0.2991123454324556,1.2702624603396617,0.13817593263577677,False
gbr,eqpo_me,Value,0.01251513548450407,0.1252917613187133,0.4759767710137228,156,0.028154514493070312,0.20078452250206363,0.8609888493348922,0.6340909269263273,False
gbr,f_score,Profitability,0.048487116308154235,0.5774453767423455,1.9895321750493453,156,0.048079931689564905,0.49512372612725225,2.6103176902028853,0.04664249406416876,False
gbr,fcf_me,Value,0.0814991909035775,0.9947015846953824,2.998014348722008,156,0.08311747657100686,0.6095182748649915,2.7981134072788363,0.0027174487886374443,True
gbr,fnl_gr1a,Debt Issuance,0.05877375747100516,1.255770790287792,4.1736538394337845,156,0.05072730916259746,0.7522021230080631,3.713204660429847,2.9975309078666967e-05,True
gbr,gp_at,Quality,0.030559234876818137,0.3576014925678449,1.0793278724155106,156,0.05356987838446009,0.6327396885750052,3.04905099810541,0.2804415919296044,False
gbr,gp_atl1,Quality,0.01569952804851723,0.17325270590873446,0.5320411628195232,156,0.017620037608591006,0.20350308917222154,0.9734048923617495,0.5946974864675614,False
gbr,inv_gr1,Investment,0.05395916470027351,0.74096831001333,2.5940284438454544,156,0.039825064854618425,0.5273172385578961,2.711939437531282,0.009485863882279455,False
gbr,inv_gr1a,Investment,0.028573396607239156,0.3756596071045795,1.2535310526110572,156,0.03268456417896835,0.46197036889186355,2.4101629780575196,0.21001250542388705,False
gbr,iskew_capm_21d,Short-Term Reversal,-0.0011221855949677586,-0.020603084157527932,-0.07284444467724863,156,-0.04941160617867968,-0.7551329390390631,-3.6955861184230843,0.941929903140146,False
gbr,iskew_ff3_21d,Short-Term Reversal,-0.012282626213884536,-0.23194753691935102,-0.8590074358598117,156,-0.04247815957310409,-0.7464909740872767,-3.233336017659872,0.39033641357692117,False
gbr,iskew_hxz4_21d,Short-Term Reversal,-0.004480014060925307,-0.08265785037513103,-0.29065253472617175,156,-0.06335253403587847,-1.052308845435158,-3.3288213155485233,0.7713170767872781,False
gbr,ival_me,Value,0.053268637929063035,0.6078423732264907,2.369791274336008,156,0.06016340915306917,0.5347398662917721,2.26835319956986,0.01779812977620665,False
gbr,ivol_capm_21d,Low Risk,0.036656260942680034,0.37941221716378876,1.1395826100835822,156,0.03992894140147385,0.29805677386322876,1.2578031043401006,0.2544602336400952,False
gbr,ivol_capm_252d,Low Risk,0.014614998246563702,0.13738333923421342,0.40716384053022725,156,0.03710028507983392,0.23696242252791433,0.9742560504160144,0.6838876574231432,False
gbr,ivol_ff3_21d,Low Risk,0.0281440482165105,0.30727293504773706,0.9107612209426047,156,0.0307709083381417,0.2268882266225345,0.8925181837234546,0.3624211991146318,False
gbr,ivol_hxz4_21d,Low Risk,0.025267236574846044,0.2766849585532035,0.8270390723912615,156,0.02157875354979531,0.1381872869112731,0.4206865551938926,0.4082149157643318,False
gbr,kz_index,Seasonality,-0.01441064707705082,-0.17743460728473504,-0.5666640763276074,156,0.02093971263447507,0.2144898347143529,0.9349880230952945,0.5709424320295815,False
gbr,lnoa_gr1a,Investment,0.02884408349856031,0.44478524543320036,1.6345458063160339,156,0.03341366479277097,0.39356391179421407,1.7933575504880226,0.10214429630317823,False
gbr,lti_gr1a,Seasonality,0.00642643396063396,0.12078890047974974,0.3029445174334805,156,0.01963648964001373,0.2824769724351328,1.3326259637498037,0.7619321444410092,False
gbr,market_equity,Size,-0.0159057524209645,-0.2104020716334375,-0.669398837534256,156,-0.016090628626255432,-0.15655161759165628,-0.7533200195316625,0.5032410929636588,False
gbr,mispricing_mgmt,Investment,0.04973773188617983,0.7112735272126515,2.0380269189241185,156,0.03476642119930219,0.3826409911353802,1.6849648239616053,0.041547240860122514,False
gbr,mispricing_perf,Quality,0.07767133331078052,0.7208154023811202,2.4651680292929585,156,0.08355050483057799,0.7281544688621512,3.4758511576567757,0.013694901241680713,False
gbr,ncoa_gr1a,Investment,0.03791569213347109,0.5645292496226966,2.252105344471982,156,0.026193748835759145,0.2842372412525191,1.257599754429969,0.024315615649923572,False
gbr,ncol_gr1a,Debt Issuance,0.032518249592985896,0.5846626951713897,2.071831341317774,156,0.008822820903184977,0.11665011380598084,0.6422065813591831,0.03828117274801457,False
gbr,netdebt_me,Low Leverage,0.03293653244765021,0.40918315825301393,1.185230274382893,156,0.003863324946888012,0.03206813150692914,0.13394195961854335,0.23592641307066442,False
gbr,netis_at,Value,0.06479891487778584,1.2054109364744723,3.468901901380258,156,0.08020021737984158,0.8016000653199188,3.7499176585059693,0.0005225902351939649,True
gbr,nfna_gr1a,Debt Issuance,0.058872190583392305,1.257121766592882,4.46383129919207,156,0.020759630100202767,0.3192646973428972,1.7119162739549734,8.050696016947967e-06,True
gbr,ni_ar1,Debt Issuance,0.021058726016683956,0.4314390848215924,1.3714566260413237,156,0.00301775308639004,0.035546873850823585,0.19185252034400058,0.17023265569877744,False
gbr,ni_be,Profitability,0.04070280356523285,0.4892578959362994,1.534638313769012,156,0.03958862887315263,0.44291684742908777,1.8047234056470094,0.12487269592099381,False
gbr,ni_inc8q,Quality,0.025226291612009788,0.35088743197811684,1.1938408552680966,156,0.027400741634990303,0.12363759334146884,0.5221361460574796,0.23254022684173425,False
gbr,ni_ivol,Low Leverage,-0.012365004276071616,-0.1797431646521893,-0.5189167987764077,156,-0.013970309539134713,-0.14298409999930128,-0.7541951736046629,0.6038187626439937,False
gbr,ni_me,Value,0.057793347633084274,0.6984424483096515,2.2913655771276775,156,0.049770196971560376,0.35366662920988706,1.5034468420065519,0.021942278741186483,False
gbr,niq_at,Quality,0.051589498393144084,0.5488220078559102,1.7976990484888444,156,0.06822265961965884,0.29788349132643555,1.129641019630197,0.07222471230170191,False
gbr,niq_at_chg1,Profit Growth,0.08481766723476261,1.2249274586510053,4.1037707319178125,156,0.08441746379001339,0.4132323938349783,2.486621491571965,4.0647028684670516e-05,True
gbr,niq_be,Profitability,0.07253790874654256,0.8223498445547719,2.6878832040360856,156,0.04945751511595445,0.2405481772300796,0.9248894300380966,0.007190654286764131,False
gbr,niq_be_chg1,Profit Growth,0.08152189185979075,1.1394026366134533,3.912890783619169,156,0.0541374289326603,0.2525751279919968,1.439853259580125,9.119778765454001e-05,True
gbr,niq_su,Profit Growth,0.06386612634054432,0.9478976379364731,3.4551328340918293,156,-0.008487259697225545,-0.041874197207185916,-0.19473950593614053,0.0005500217671277063,True
gbr,nncoa_gr1a,Investment,0.0418586856196647,0.6148741587887013,2.439841864950758,156,0.013487803623573373,0.15753419533969232,0.7603275896489375,0.014693692402262482,False
gbr,noa_at,Debt Issuance,0.0470563115133108,0.7531959716015734,2.8257726701302497,156,0.020952128476639305,0.23673844861922475,1.0218765163023928,0.004716672499874619,False
gbr,noa_gr1a,Investment,0.0694030323671112,0.9911167838389933,3.139337161349881,156,0.03266332410373823,0.3764466737509434,1.8461136019040882,0.0016933049634790809,True
gbr,o_score,Profitability,0.03871512154982854,0.5447090701262899,1.8020347085175639,156,0.02924723950016315,0.3240851955779677,1.675130115464741,0.07153994495229488,False
gbr,oaccruals_at,Accruals,0.004474750272263723,0.06319546545954678,0.21326611996162229,156,0.0360330686884468,0.5125638223194975,3.4031201008908725,0.8311193980060996,False
gbr,oaccruals_ni,Accruals,0.0012962276606297497,0.017144677979682315,0.051988054355375374,156,0.02659603953261564,0.3208780176972216,1.6912505598357235,0.9585382117862737,False
gbr,ocf_at,Profitability,0.01388167118936003,0.17397546344271983,0.6598451393299223,156,0.050068092427694846,0.5585569546556846,2.870161478743506,0.5093532127883935,False
gbr,ocf_at_chg1,Profit Growth,0.042132933758295445,0.6741230382500626,2.798667755407945,156,0.02685189575616639,0.38553429364666797,1.964557515160497,0.005131390675726655,False
gbr,ocf_me,Value,0.051340022759489505,0.6351815038176363,1.9625969694956014,156,0.056024446749562966,0.41269801786687205,1.6988584195266296,0.049693023142952875,False
gbr,ocfq_saleq_std,Low Risk,0.00885135144259069,0.13762129298936154,0.4725794259363241,156,0.11352099863696824,0.45424392923755763,1.8987316319235883,0.6365132637025455,False
gbr,op_at,Quality,0.013980423121642924,0.18247265854732553,0.7109110113378111,156,0.05268697065260099,0.5808756383147201,2.7429734640814036,0.47713938205459927,False
gbr,op_atl1,Quality,-8.739064751500444e-05,-0.0010708980460145646,-0.003974901495730816,156,0.03410701321144259,0.3800648907595176,1.7834648984280241,0.9968284958173905,False
gbr,ope_be,Profitability,0.029374301230874617,0.4863206106074614,1.691535464467743,156,0.03226219558648484,0.4099836067364184,1.7520133850255184,0.09073458034347492,False
gbr,ope_bel1,Profitability,0.013550583048465455,0.19537292058250755,0.6396527975126052,156,0.01890940535292198,0.24079784305333862,1.0804620260761761,0.5223983493154551,False
gbr,opex_at,Quality,0.005645443349772954,0.07002993525741566,0.24182670185808416,156,0.003575038397918136,0.04275582322244187,0.20452712938992929,0.8089144477836854,False
gbr,pi_nix,Seasonality,-0.03213999621867179,-0.6265959661917848,-2.1122485152267676,156,0.02441377243068622,0.3882041401111118,1.8245515248447197,0.03466513925622983,False
gbr,ppeinv_gr1a,Investment,0.033707425256636454,0.4108096699048046,1.1733479617090756,156,0.014500040610271625,0.17088957356796516,0.8186696526101138,0.24065629622182816,False
gbr,prc,Size,0.013097169767107586,0.1409247477342258,0.5039677563390157,156,-0.0199642646339918,-0.19229819100068565,-0.8940897056458517,0.614284035373978,False
gbr,prc_highprc_252d,Momentum,0.05305218003946155,0.39530844691157285,1.4800587888205634,156,0.03952625653549856,0.2316211102452936,1.0022010943345474,0.1388575583409013,False
gbr,qmj,Quality,0.04248215683397635,0.4475264442442218,1.4369345851980961,156,0.045539247437294,0.3925218018710535,2.1404225217635893,0.15073658161173897,False
gbr,qmj_growth,Quality,0.04660933698664801,0.6697054040624689,2.507223351691055,156,0.01814231339088897,0.19086002210835035,0.9400228929259006,0.012168379391842343,False
gbr,qmj_prof,Quality,0.034937726477054475,0.3775440877096234,1.208306889463292,156,0.05688677387217185,0.5859266979010668,2.834157639851006,0.22692923941965937,False
gbr,qmj_safety,Quality,-0.00203125730900138,-0.023235561535712688,-0.07701590266797692,156,0.03290983319852694,0.3667680606886105,1.8645680287813078,0.9386108940429312,False
gbr,rd5_at,Low Leverage,0.05336903709986372,0.5341071309273355,1.8450599694269265,156,0.017508863437425262,0.11297295153422231,0.54800640048636,0.06502881550302675,False
gbr,rd_me,Size,0.05222335964385947,0.6455551365346113,2.1268302188332964,156,0.02118522906901051,0.16393590346764636,0.7644743497559628,0.03343419250611679,False
gbr,rd_sale,Low Leverage,0.03766854231173529,0.40033552808907347,1.5030590721953412,156,0.005907295184151852,0.03571265827097722,0.16158742086224337,0.1328238116638587,False
gbr,resff3_12_1,Momentum,0.054775136315714595,0.6618240878365186,2.919549283777112,156,0.09630306479693625,1.2223488244018315,5.542574877971064,0.003505379619781035,True
gbr,resff3_6_1,Momentum,0.019895288104481944,0.2256994988029522,1.083103546223121,156,0.04536978133127639,0.5789547013392942,2.4780281215228404,0.27876246512089997,False
gbr,ret_12_1,Momentum,0.06329511586508475,0.5116480915312634,1.794356350460683,156,0.09110225512419017,0.5565898407192678,2.5855709956712967,0.072756309197614,False
gbr,ret_12_7,Profit Growth,0.05051886426087592,0.4599644227033132,1.4186542938549063,156,0.07414948855868025,0.5782860332569334,2.5146595655064936,0.15599982858194616,False
gbr,ret_1_0,Short-Term Reversal,-0.0019101435383355268,-0.02041957703889971,-0.06580310777930129,156,0.008364024225042656,0.07043086483310904,0.3378594224112805,0.947534581951194,False
gbr,ret_3_1,Momentum,0.028845288016799354,0.3006540350078256,1.6356719408178453,156,0.036431418765291046,0.301760301423815,1.649189751326785,0.10190826499119199,False
gbr,ret_60_12,Investment,-0.004288834119538565,-0.03992585469894509,-0.12260683879322398,156,0.02571041793322551,0.2553740218062425,1.0442294769975053,0.9024184387335272,False
gbr,ret_6_1,Momentum,0.05093480097869553,0.42190015104245027,2.4708830637834853,156,0.05510540865389699,0.37189915304453036,1.9454256072613312,0.01347798828798985,False
gbr,ret_9_1,Momentum,0.06210872289768884,0.4787443227406795,2.1935634793209484,156,0.0778388017338522,0.5086469903892876,2.551522902047208,0.02826680633009282,False
gbr,rmax1_21d,Low Risk,0.024909072960337945,0.2721308954729859,1.0018685175685624,156,0.01780208542087186,0.13638271012144398,0.5774812478379533,0.3164070995691406,False
gbr,rmax5_21d,Low Risk,0.016671038648419168,0.16763055907770788,0.5818739306733771,156,0.04166438182216732,0.30744154734978857,1.3186091195650977,0.5606516013560385,False
gbr,rmax5_rvol_21d,Short-Term Reversal,0.010798570609118908,0.1430024783403063,0.4984748641591245,156,0.007653382232759022,0.08704965670290916,0.4313114919005575,0.6181493814947698,False
gbr,rskew_21d,Short-Term Reversal,-0.0045587193307864895,-0.06612950585831551,-0.24398591623770507,156,-0.03454371595616995,-0.5528927587544736,-2.9169999221685385,0.8072417275737793,False
gbr,rvol_21d,Low Risk,0.024169099099338377,0.21627986934302312,0.7109729726051963,156,0.02803811319122434,0.19038129732482206,0.843545566198305,0.47710098430477577,False
gbr,sale_bev,Quality,0.008178408613578133,0.12844247033947712,0.39667347676845033,156,0.012335477775565675,0.14090117928702595,0.6307968483509095,0.6916082614088852,False
gbr,sale_emp_gr1,Profit Growth,0.017944719575011855,0.25951840325949865,0.8727088533722507,156,-0.006941785005088944,-0.09198040397295912,-0.4204744092854702,0.38282179083096857,False
gbr,sale_gr1,Investment,-0.012423299919595884,-0.13276547349043594,-0.4093901373160491,156,0.0223615247852404,0.22106245432720714,1.080680568329608,0.6822533763511134,False
gbr,sale_gr3,Investment,0.038565425795314655,0.4353771705649106,1.4737655780640555,156,0.030042582177297876,0.2728303298518281,1.3224685753481333,0.14054471926966983,False
gbr,sale_me,Value,0.0331956252676317,0.29524579462534295,1.0385694197856405,156,0.025844188842793735,0.17996084255792244,0.8261598102184505,0.29900503410406953,False
gbr,saleq_gr1,Investment,-0.05288868075909213,-0.48481236326709287,-1.48287522661976,156,0.006422085947452038,0.039520503461197676,0.1666252305917212,0.13810756451946538,False
gbr,saleq_su,Profit Growth,0.08874305375959249,1.0858552241625363,3.584360267464328,156,-0.05186196897338584,-0.23588430774541694,-1.2007333412396761,0.0003379054068384235,True
gbr,seas_11_15an,Seasonality,-0.017870651321430866,-0.253555791712938,-0.9006792595766404,156,0.000699372322323114,0.010215592925748085,0.039401537069590806,0.36775887928341966,False
gbr,seas_11_15na,Seasonality,0.0017589547930156302,0.023000769840301822,0.06744088920984963,156,0.03748625160376234,0.4635153237596018,1.4348471317757474,0.9462307183855074,False
gbr,seas_16_20an,Seasonality,0.011805748610249637,0.15057228079386917,0.5549985614882178,156,0.013075100901597839,0.19335393689941416,0.5383834824331234,0.5788956443808533,False
gbr,seas_16_20na,Accruals,0.0075871623669338225,0.11217633437907669,0.43206738165498265,156,0.001723943558959955,0.024750731257903294,0.07045595999193431,0.665692440863872,False
gbr,seas_1_1an,Profit Growth,0.002957953635347798,0.03627296710816779,0.12672296983568868,156,0.07490213996827892,0.829788384494211,3.8268721095666516,0.8991596651018443,False
gbr,seas_1_1na,Momentum,0.07887105050718266,0.6484241232721697,2.6223614663792074,156,0.0555887118962964,0.3489484424273328,1.6333835934871326,0.008732276080285484,False
gbr,seas_2_5an,Seasonality,-0.021323096952566737,-0.31024437787085274,-1.2567973097898235,156,0.03915808187012846,0.5026487930819614,2.74240018546323,0.20882704045317357,False
gbr,seas_2_5na,Investment,0.003516545684502568,0.0323015055504347,0.10100642382405474,156,0.0460336993026321,0.4494720283622681,1.7522413415411282,0.9195453607847501,False
gbr,seas_6_10an,Seasonality,0.02672536399323832,0.3626946471287115,1.333840033487026,156,0.06631482033945629,0.8146134670264761,2.993852279060931,0.182256287731144,False
gbr,seas_6_10na,Low Risk,0.0726035443584828,0.8463867890400133,2.9365310053699614,156,0.045306241027280036,0.5228492437642792,2.382805807576117,0.003319056392808717,True
gbr,sti_gr1a,Seasonality,-0.004111731932491499,-0.07555177078549208,-0.23741500306683813,156,-0.011754623947352556,-0.18101101475858836,-1.0260436459118487,0.8123348516552658,False
gbr,taccruals_at,Accruals,-0.04453172706115553,-0.6733473191218711,-1.980354770445126,156,-0.006243706535524942,-0.09061190988522203,-0.4720064627850627,0.047663678445277746,False
gbr,taccruals_ni,Accruals,-0.03545800198308992,-0.49753348444724493,-1.4483648304174086,156,-0.020037549316567416,-0.2629615678640231,-1.2537084660974587,0.14751504525505577,False
gbr,tangibility,Low Leverage,0.012255545970374374,0.14928254637205426,0.5598434560175064,156,0.025858846101847785,0.39604930659773135,2.1748812960653656,0.5755862197099821,False
gbr,tax_gr1a,Profit Growth,0.023689288463529565,0.33424411822858763,1.1751975693244732,156,0.00744824978626623,0.08164038669441628,0.3965887264090547,0.23991568247263784,False
gbr,turnover_126d,Low Risk,-0.020192597581559266,-0.28380215958908456,-1.1620982842805911,156,0.009282326060520922,0.11900003331315079,0.6601302144940879,0.24519554428618617,False
gbr,turnover_var_126d,Profitability,0.002360846648770295,0.0341519170041276,0.10564222329779674,156,-0.007533953391710748,-0.08754500248958041,-0.33685609161246555,0.9158662228276921,False
gbr,z_score,Low Leverage,-0.018839797032338852,-0.18352182981146467,-0.5113154378176189,156,-0.018123637390269808,-0.1625191307013501,-0.7307477114713173,0.6091301967527758,False
gbr,zero_trades_126d,Low Risk,-0.019730632234143487,-0.2769021910890889,-1.138944683860563,156,0.006924803545223054,0.08720676618775178,0.47495211188554,0.2547262267650754,False
gbr,zero_trades_21d,Low Risk,-0.018009053562469193,-0.26933996087101464,-1.2091761351833368,156,-0.013064085437885755,-0.1766324475891014,-0.9031872451075067,0.22659518414001267,False
gbr,zero_trades_252d,Low Risk,-0.019280133685981055,-0.2986762978068284,-1.175294265419454,156,0.01770385531219965,0.234930817321355,1.2942388861000962,0.23987700798365852,False
dnk,age,Low Leverage,0.06627643698370708,0.29168072858283917,1.1164994173311518,156,-0.08814289930676192,-0.26457384896480685,-1.1188634161832152,0.26420841946234663,False
dnk,aliq_at,Investment,-0.030503909556298336,-0.22125559018063565,-0.7047236662864792,156,-0.004323056427775784,-0.025558869141495123,-0.10632339410231496,0.48098222039305605,False
dnk,aliq_mat,Low Leverage,-0.06866466519135997,-0.3676128796027842,-1.3425345482771915,156,0.020280021866427925,0.10989252196284971,0.44197855901683164,0.17942273624152083,False
dnk,ami_126d,Size,0.027094692596462033,0.25911492203807357,0.8666151564769823,156,-0.036929272251622576,-0.2524839393870318,-1.0228927178965612,0.38615290625479703,False
dnk,at_be,Low Leverage,0.020206126431803133,0.15275545046379524,0.5948931823408153,156,0.03625150044296262,0.22785159697329102,1.1110003235417438,0.5519148747914773,False
dnk,at_gr1,Investment,0.04203846255915167,0.29977108890162874,1.0714890536979178,156,0.017074577607224882,0.11395943090734527,0.5792367000609283,0.2839495899706024,False
dnk,at_me,Value,0.019556987633627253,0.11324456615014526,0.3636710993168772,156,-0.04286565347354716,-0.23687832910241885,-1.037296697757392,0.716103627095068,False
dnk,at_turnover,Quality,0.026135633322922073,0.2134305997772361,0.7099548331593073,156,0.0394884811733467,0.22181403085859833,0.9601834017167992,0.4777321455160499,False
dnk,be_gr1a,Investment,0.00864828456645082,0.06995537939168267,0.22800574858132996,156,-0.039579390255057634,-0.2527429549058742,-1.1366973123680595,0.8196417715021733,False
dnk,be_me,Value,0.034523289900267304,0.210011911938752,0.6601229167670363,156,0.003965619838010108,0.021751857495817296,0.09010878406228094,0.5091749534594827,False
dnk,beta_60m,Low Risk,-0.013640949224102797,-0.0974847247013063,-0.308491001200138,156,0.041856450995840955,0.23137160344361088,1.010035469744983,0.7577087465876546,False
dnk,beta_dimson_21d,Low Risk,-0.01444556530218296,-0.11208868642881463,-0.41930716596348827,156,0.04266509586288126,0.25263487871186646,1.386223212532741,0.674991660126731,False
dnk,betabab_1260d,Low Risk,-0.007728720917001136,-0.05217210737850388,-0.15920838405214024,156,0.00921253802042882,0.05202621451987672,0.22122742763969955,0.8735046985976003,False
dnk,betadown_252d,Low Risk,-0.09925566412951344,-0.7303939345612406,-2.3753162448097647,156,0.01653249786159958,0.09908272338328566,0.4758800299419032,0.017533920356237465,False
dnk,bev_mev,Value,0.037656819498925936,0.22616111086852647,0.7201101070048602,156,-0.023363877729338654,-0.13369486511590525,-0.5718649640051601,0.4714572050853234,False
dnk,bidaskhl_21d,Low Leverage,-0.02561064502541329,-0.19880024957489115,-0.7035043336855644,156,-0.06603746321399265,-0.43251563977029595,-1.8818690708963706,0.48174150698167617,False
dnk,capex_abn,Debt Issuance,0.11326443611169226,0.7753279106687505,3.1546304320023544,156,0.07837088017735717,0.386303527013434,1.3421101438115668,0.0016070152766949342,True
dnk,capx_gr1,Investment,0.10330994149593539,0.7701193717052861,2.9154210673183005,156,0.08195673666789428,0.37829243487317255,1.63932309085243,0.003552089459779806,False
dnk,capx_gr2,Investment,0.056476798306339636,0.423297562569201,1.3425749688752298,156,0.0335279541523474,0.1634841880820532,0.6626209610733326,0.1794096400493368,False
dnk,capx_gr3,Investment,0.09217777115684063,0.6378426459172463,2.2893284476977307,156,0.021593211604224418,0.09976294027441858,0.40120427764544414,0.022060276026284242,False
dnk,cash_at,Low Leverage,0.06746303932491654,0.5256382374305741,1.8007713295618442,156,0.031839972138089506,0.2150586917500779,1.0010135205947728,0.07173892956519468,False
dnk,chcsho_12m,Value,-0.0007191498537814133,-0.006789409486927064,-0.02165045056345263,156,0.03839113475397134,0.24344873222047134,1.1241084980853329,0.9827267892181255,False
dnk,coa_gr1a,Investment,0.028410501914950405,0.17908474714751652,0.628540586200166,156,0.04465850055091865,0.2622299635103233,1.237988139710877,0.5296498677455987,False
dnk,col_gr1a,Investment,0.04207085945879851,0.3013135321506582,0.868858457127181,156,-0.0016077277437793799,-0.008846200292467722,-0.03777453707283235,0.3849245544207558,False
dnk,cop_at,Quality,-0.03304207912173284,-0.22352942586502184,-0.7347728314584565,156,0.10463229841485155,0.5459109117659002,2.1533951496530985,0.4624778559001015,False
dnk,cop_atl1,Quality,-0.02516834639349277,-0.16142027522060068,-0.5580202919090345,156,0.07903267739275818,0.4097084600440987,1.6782951065157083,0.5768305278255925,False
dnk,corr_1260d,Seasonality,0.08043149998888996,0.6323242847210532,2.184496554810495,156,0.0040339687277093,0.02525990659905765,0.11319316319262053,0.028925780165248716,False
dnk,coskew_21d,Seasonality,0.006297559392943887,0.04313205243466625,0.17380832251098552,156,0.012149503280686157,0.08465917903614938,0.43746914897059547,0.8620161035332974,False
dnk,cowc_gr1a,Accruals,-0.046135665699799946,-0.32855405244582847,-1.3096779853871001,156,0.12795251458279827,0.7300254022703897,3.286633767329166,0.19030479402591594,False
dnk,dbnetis_at,Seasonality,0.06888464107481136,0.5515159878509859,2.0300886786699115,156,0.09871123054122388,0.6792462104166487,3.599805656022031,0.0423475261046784,False
dnk,debt_gr3,Debt Issuance,0.09618678641726588,0.7346055408234714,2.44521505969297,156,0.06170377820285096,0.40317827882084767,1.591769869864295,0.014476578977606458,False
dnk,debt_me,Value,-0.007053031672037674,-0.04074153692055617,-0.13993781103700284,156,-0.0352196811193747,-0.20247422433085216,-0.9213033931713043,0.8887091263182405,False
dnk,dgp_dsale,Quality,-0.07730616488798574,-0.4861399073140488,-1.973884053509749,156,0.031558447568879266,0.1766758212499925,0.8700728717705056,0.0483949283938947,False
dnk,div12m_me,Value,0.016581327117867996,0.12003014540501354,0.4046815192517788,156,-0.007909607515878377,-0.045745994760664654,-0.23560960291107555,0.6857116283342477,False
dnk,dolvol_126d,Size,0.017731580528230553,0.16735202063908658,0.5420953087773376,156,-0.04343229388496318,-0.2990396771184656,-1.1518350674986122,0.5877528502945313,False
dnk,dolvol_var_126d,Profitability,-0.05427022543701415,-0.5333058921774265,-2.1103410879318765,156,0.0016595605543394663,0.011954386570884231,0.04760603102471786,0.03482898689251601,False
dnk,dsale_dinv,Profit Growth,0.046366503319304204,0.29954362456914463,1.183665036797607,156,0.12558602204360308,0.6366020545330673,2.4347260365332977,0.23654568437251,False
dnk,dsale_drec,Profit Growth,0.0582117992793262,0.44926968345603185,1.7043447390226831,156,-0.028291539610751225,-0.15957734665292928,-0.6931509278927354,0.08831670134479896,False
dnk,dsale_dsga,Profit Growth,0.034211454235542456,0.23289164297603934,0.9293712918572217,156,0.01669059291613146,0.07159206808957272,0.2510172595634632,0.35269670026880506,False
dnk,earnings_variability,Low Risk,-0.048370285172174655,-0.3921630950902201,-1.4000850518770287,156,-0.019171589426263257,-0.11770375929231591,-0.6529821125140788,0.16148785077986494,False
dnk,ebit_bev,Profitability,-0.010728193184310376,-0.07783913492331754,-0.25541813133301267,156,0.015716245518366385,0.08869872667917883,0.3786815830289978,0.7984001683262345,False
dnk,ebit_sale,Profitability,-0.056270891770344396,-0.3583217362036113,-1.41025946484925,156,0.041696502125132755,0.28099918205118524,1.2908415415703542,0.15846308291597722,False
dnk,ebitda_mev,Value,0.023783867007734327,0.1714331418391261,0.5918870732682041,156,0.026838223720990782,0.16812249932699502,0.7439164986383197,0.5539262105486493,False
dnk,emp_gr1,Investment,0.04940743451867573,0.3916794479814349,1.038009764963221,156,0.0698179865645381,0.4194226211458268,1.8232363086080168,0.2992655089288756,False
dnk,eq_dur,Value,0.03499813293853864,0.20551577822514913,0.6034629681179596,156,-0.01443203609060685,-0.07754845478534964,-0.3410392715548193,0.5462007437414103,False
dnk,eqnetis_at,Value,-0.013644956889865402,-0.09269460562826908,-0.2940874713643104,156,0.004612221761084667,0.02351920505949963,0.09547385013971348,0.7686910642032219,False
dnk,eqnpo_12m,Value,-0.011105342864257598,-0.07141118333079281,-0.22777908680326345,156,0.06699802224946516,0.4500085903635464,1.83258869574768,0.8198179856686447,False
dnk,eqnpo_me,Value,0.03644608650706682,0.2192699003592983,0.7262528558610003,156,0.041619230625709824,0.21418803267753142,0.9049166436650742,0.4676837746849376,False
dnk,eqpo_me,Value,0.03332842520113911,0.18796276037332882,0.5364697450983069,156,0.003282307898207548,0.01647264276822703,0.0757047447234218,0.5916339402982149,False
dnk,f_score,Profitability,-0.06094351276295623,-0.3399514475657174,-1.2197142717018423,156,0.07401156158567931,0.3839629271718255,1.702879845322045,0.2225732094631696,False
dnk,fcf_me,Value,0.02919957433642302,0.18895455178237927,0.653514525504249,156,0.17097858424049384,0.8989834576207175,3.869109566776737,0.5134246281706538,False
dnk,fnl_gr1a,Debt Issuance,0.09113699902450148,0.7358459605659802,2.832419862534952,156,0.07660322927362902,0.5146012580989984,2.4281988445720044,0.004619714436445932,False
dnk,gp_at,Quality,-0.01637135713317528,-0.0988831735935012,-0.36750214578382373,156,0.024720014353337143,0.12993239647054425,0.5669067448482704,0.7132444915473584,False
dnk,gp_atl1,Quality,-0.0046698258016415455,-0.028212798272679786,-0.09933205019791877,156,0.025428523864606842,0.1407831260171274,0.6150667079885636,0.9208746318682615,False
dnk,inv_gr1,Investment,0.023597861568404897,0.15243956332874295,0.45012685792216495,156,0.08634805352731084,0.4469360771114338,1.8187548802790037,0.6526189717842223,False
dnk,inv_gr1a,Investment,0.060798759447894035,0.4127758502905079,1.2925389333502375,156,0.039490102582992945,0.23666168460349143,1.0277864338644471,0.19617057200284993,False
dnk,iskew_capm_21d,Short-Term Reversal,-0.046617551197434014,-0.416880898516959,-1.6588307440160608,156,-0.01498480351842691,-0.09885270969123247,-0.5356942972546229,0.09714990333314955,False
dnk,iskew_ff3_21d,Short-Term Reversal,-0.026855504175758597,-0.2372772362613712,-0.8205100784680807,149,-0.02301418208717542,-0.1699680027260886,-0.796135961676659,0.41192538616941654,False
dnk,iskew_hxz4_21d,Short-Term Reversal,-0.0449773625498736,-0.4009583308854747,-1.6701590276582268,153,-0.02839045475449859,-0.2554415949713558,-0.7151095248071222,0.09488790401177138,False
dnk,ival_me,Value,0.03141354718272471,0.18552696602629123,0.6888073727621632,156,0.004069610158003561,0.02130588933485907,0.09467771440132859,0.49094449536469753,False
dnk,ivol_capm_21d,Low Risk,0.03216092930886062,0.2300043392968822,0.9184301511511739,156,0.04681300028756517,0.2644642589078424,1.2402799267587077,0.3583937115821385,False
dnk,ivol_capm_252d,Low Risk,-0.04912704412082647,-0.32275372232233684,-1.0454933857215973,156,0.027932057582629014,0.15758554514369547,0.7109608537893086,0.2957949959783739,False
dnk,ivol_ff3_21d,Low Risk,0.05234612019656322,0.3807359327163612,1.4121875715316285,149,0.07389568369618063,0.48759064897717375,1.7364496806049585,0.1578947390129246,False
dnk,ivol_hxz4_21d,Low Risk,0.042389394117972344,0.35462636209247755,1.2923070145676954,153,0.09293737736870669,0.6667346093584529,1.7351147696417515,0.19625084371743773,False
dnk,kz_index,Seasonality,0.05000743074290673,0.27277801920572414,0.9341761390467579,156,-0.0007723068883051041,-0.005034040775324683,-0.027795199791431767,0.35021304187572255,False
dnk,lnoa_gr1a,Investment,0.05479661022962112,0.3942539635815447,1.664699338845502,156,0.06496628504346248,0.44125635166742266,2.022288509650999,0.09597275497021673,False
dnk,lti_gr1a,Seasonality,-0.04770059768168214,-0.380905885541305,-1.0870602774197566,156,0.028770869317746573,0.1861320372720912,0.8555414392776738,0.27701017142275397,False
dnk,market_equity,Size,0.04852520046612009,0.4992799351367132,1.8165960375893113,156,-0.013296988716424585,-0.10093269997009616,-0.4628921584431831,0.06927899061982723,False
dnk,mispricing_mgmt,Investment,0.03588005343342852,0.27413857986198087,0.9080074325280302,156,0.05788278680165834,0.3715323254648428,1.4053528816291219,0.3638742947981113,False
dnk,mispricing_perf,Quality,0.05483864052871015,0.36834973793404274,1.264949632728658,156,0.10342355665533978,0.6174525673864951,2.9907015875449585,0.2058893837166469,False
dnk,ncoa_gr1a,Investment,0.050396716911062775,0.34298638781216595,1.2501762971014931,156,0.09196016220089505,0.5933614607629564,2.6683265995809093,0.21123515342090338,False
dnk,ncol_gr1a,Debt Issuance,0.0349892025251218,0.24581347424129196,1.1569418084730536,156,0.042852643465175456,0.23778068259936433,1.2370822296018191,0.24729613589418653,False
dnk,netdebt_me,Low Leverage,0.037356835857215186,0.25574871337542837,0.8277807053473093,156,0.047011074595638774,0.27134316345102033,1.256362022550742,0.4077947036867713,False
dnk,netis_at,Value,0.07795524312034866,0.5306713676689157,1.7180062729579664,156,0.1494011595149753,0.8021244734865106,3.4314946714715195,0.08579547109458319,False
dnk,nfna_gr1a,Debt Issuance,0.09453603539456429,0.8073706671401722,3.2270299312259096,156,0.07995542822763096,0.5262343465774044,2.670374271907693,0.001250823751408392,True
dnk,ni_ar1,Debt Issuance,-0.017456794909246617,-0.14703699967518352,-0.5043878635796768,156,0.03221666474401285,0.2057020563543934,0.8515852678410053,0.613988844840681,False
dnk,ni_be,Profitability,0.002091068394635109,0.015180694394058402,0.050635994025709626,156,0.05525962676104,0.35300793948302267,1.812879998911059,0.9596155805177435,False
dnk,ni_inc8q,Quality,0.03805339724554464,0.34515823185079353,1.1208808694102068,156,0.10925641966756033,0.8148152338295869,2.085175588915301,0.2623385750519551,False
dnk,ni_ivol,Low Leverage,0.006797061347718556,0.0566360803146425,0.1620623159846679,156,-0.0785506272102518,-0.40903137505079973,-1.591084983128021,0.871256781331939,False
dnk,ni_me,Value,0.030618733022767353,0.20763913841454545,0.6298140489184502,156,0.01821200837791085,0.10033725517093896,0.4779358718008427,0.5288162528189762,False
dnk,niq_at,Quality,-0.017582361846625878,-0.11644528703021427,-0.3872132707772852,156,0.12616464879976536,0.7225242778322831,2.1376470131803433,0.698598326336834,False
dnk,niq_at_chg1,Profit Growth,0.016478118218907937,0.13720195889389727,0.5085852010868095,156,0.0912301085426912,0.6985612431992877,1.680178584969553,0.6110430042820225,False
dnk,niq_be,Profitability,-0.01739572852792572,-0.13352326784353383,-0.44337392338812076,156,0.1022984789604704,0.6388096722354764,2.096146958973986,0.6574952941730745,False
dnk,niq_be_chg1,Profit Growth,0.021486394442184746,0.16686575137134826,0.710431298008438,156,0.09818147867816648,0.7112803113020076,1.677031716348569,0.47743672036791285,False
dnk,niq_su,Profit Growth,0.0006112514172584507,0.004910719994750177,0.018374668529283503,156,0.058095649906320115,0.33882032867648354,0.7404378682415151,0.9853399606163027,False
dnk,nncoa_gr1a,Investment,0.0005698079953639662,0.0038236748064564416,0.014821154685822886,156,0.08657033481759754,0.5078709537666143,2.339434389321666,0.9881748624358413,False
dnk,noa_at,Debt Issuance,0.06778773205336759,0.4704700839694895,1.6946999503084923,156,0.04136416200611176,0.25813189795339303,1.3056821804454175,0.0901323551141211,False
dnk,noa_gr1a,Investment,0.0049834477842713625,0.031697710109774645,0.10961843603750834,156,0.1159164184096991,0.6811113936211141,3.178997106845824,0.9127119889275919,False
dnk,o_score,Profitability,0.03222501840994172,0.23616548743336843,0.8030274019074097,156,0.04481948844122659,0.2706265049370134,1.2527401873433364,0.4219588966648202,False
dnk,oaccruals_at,Accruals,-0.006390668754282973,-0.044953530914134,-0.15543722158806642,156,0.08697510664903414,0.4963047031861397,2.03926272248346,0.8764766421607255,False
dnk,oaccruals_ni,Accruals,-0.004540567345311044,-0.027631569355570314,-0.08800265178452227,156,0.10007742917972479,0.6012912844264122,2.5049874351179335,0.9298745685025278,False
dnk,ocf_at,Profitability,-0.031384427057984624,-0.2333279909104081,-0.8507480218505766,156,0.0747829453441231,0.4093732545741495,1.7760235036919652,0.3949093409295523,False
dnk,ocf_at_chg1,Profit Growth,-0.045773695232678546,-0.36438335227136914,-1.2940330137057612,156,0.058065691680883956,0.3631168744309503,1.4947147981779065,0.1956540176298769,False
dnk,ocf_me,Value,0.012677363117755303,0.08249314664437378,0.2715506301723496,156,0.0722710746117403,0.4095286495872688,1.8391232986871109,0.7859675647133977,False
dnk,ocfq_saleq_std,Low Risk,-0.019814079263149806,-0.13756480095384088,-0.4260359069728493,156,0.07707578795365794,0.3855643257111657,1.1530610394433172,0.6700816817456792,False
dnk,op_at,Quality,-0.024339655488425115,-0.16721042648116724,-0.5836443692421455,156,0.03975253367851655,0.21396472944667466,0.933500581304288,0.5594596023407581,False
dnk,op_atl1,Quality,-0.04465384327145368,-0.29648316500255073,-1.061938152435576,156,0.020474481899245663,0.11083690196057891,0.5015543886211891,0.2882637633580716,False
dnk,ope_be,Profitability,-0.01820375524199091,-0.1498277225066839,-0.5400652844617643,156,0.010006851833472864,0.06002587560490014,0.27434876587814905,0.5891520107097605,False
dnk,ope_bel1,Profitability,-0.011246526331023025,-0.08804927475264379,-0.3065600664432179,156,0.009487544627227834,0.05448580136627575,0.24698345541714398,0.7591782532570206,False
dnk,opex_at,Quality,0.06580443907731112,0.44740036231280755,1.412543114534274,156,-0.011532869650100837,-0.06758493848784938,-0.3066637826056034,0.15779010518236358,False
dnk,pi_nix,Seasonality,-0.01842227092632278,-0.14347767350472113,-0.48865241114088065,156,-0.0026337882732549015,-0.01684259864456359,-0.08334208409410158,0.6250878006683913,False
dnk,ppeinv_gr1a,Investment,0.01807473476074098,0.12156788006261375,0.3819103997661619,156,0.024690319156328275,0.13550304240638802,0.6147638686827152,0.7025278260584451,False
dnk,prc,Size,0.042916449981784795,0.3531474139855609,1.15249131709932,156,-0.04065428211666453,-0.2661900809027376,-1.3217885452525013,0.24911923573851746,False
dnk,prc_highprc_252d,Momentum,0.13612342501459448,0.937739663657536,3.66711758787279,156,0.09011172615692872,0.46270802621500284,2.281691645233921,0.00024530000936717755,True
dnk,qmj,Quality,-0.022470929240268868,-0.16617350329684363,-0.5423114936761613,156,0.05785746420174061,0.30680893892074196,1.2697289610508098,0.5876039390526444,False
dnk,qmj_growth,Quality,-0.027727668566067593,-0.22957464372091493,-0.7095209990873432,156,0.01778753192549349,0.1112272815349588,0.5504287269073281,0.4780012250031431,False
dnk,qmj_prof,Quality,-0.04396053253982807,-0.3046461736792283,-1.1352951988695206,156,0.09826584533221679,0.5485547409347105,2.4365767532709444,0.25625165318218035,False
dnk,qmj_safety,Quality,0.04299288941746893,0.30233426875574076,1.1227289963614238,156,0.05075260664730366,0.3169679813521504,1.5811323052588975,0.2615526090973015,False
dnk,rd5_at,Low Leverage,-0.0042409982733184965,-0.017165905526194087,-0.07114945013014798,156,-0.0185892147532864,-0.07602345107811771,-0.1678676826970117,0.9432788123482188,False
dnk,rd_me,Size,0.098243369905433,0.5177257045273935,2.2473626557030504,156,-0.013152429908251329,-0.04834469128934229,-0.16885991714692006,0.024616859606295893,False
dnk,rd_sale,Low Leverage,0.02619662420647869,0.11175355273519544,0.4748005234640179,156,0.085051581312146,0.32556053807383806,1.0373452083771642,0.634929159861561,False
dnk,resff3_12_1,Momentum,0.09030271599035522,0.7097943806270437,2.571175264707937,156,0.07814656415147864,0.4624505051787978,1.7849656382840104,0.010135401902099161,False
dnk,resff3_6_1,Momentum,0.000684598590859936,0.005485055315038227,0.02194011775423167,155,0.04832512321843561,0.3314851155118104,1.0539938247861496,0.9824957231283298,False
dnk,ret_12_1,Momentum,0.12366651533110362,0.8670737905599193,3.6344287454991053,156,0.09775123999468327,0.5288798294667906,2.6339831609532762,0.00027859723823908666,True
dnk,ret_12_7,Profit Growth,0.05743308370860413,0.38066819136899016,1.3912189558111188,156,0.07210408605332902,0.4398995113724353,1.9904448179051941,0.16415904077849341,False
dnk,ret_1_0,Short-Term Reversal,-0.040543530122290096,-0.31540809179721996,-1.3453724354680914,156,-0.04113343243672013,-0.24112324615582004,-1.257485327459671,0.1785049921988182,False
dnk,ret_3_1,Momentum,0.029924712171645412,0.23138072561981837,0.8120828245067977,156,0.0313367914843611,0.19725031026553422,1.0565562978936651,0.4167441078655414,False
dnk,ret_60_12,Investment,0.058281406942232994,0.42137765193383675,1.8002880179407887,156,0.03089559564473099,0.18928702633802297,1.0293375497364048,0.0718151718890696,False
dnk,ret_6_1,Momentum,0.07814413495923302,0.577304567966211,2.704384400151486,156,0.09725337004711157,0.5654099968039381,3.329204374583204,0.006843107539365789,False
dnk,ret_9_1,Momentum,0.11773276730387981,0.8240012044974296,3.9153665537492555,156,0.08114043434247929,0.46227871572326173,2.5098308806507177,9.026696128944245e-05,True
dnk,rmax1_21d,Low Risk,-0.0015083551788391354,-0.011317845220173315,-0.048246165747359494,156,0.06017052733976009,0.3570601455232923,1.69076297706323,0.9615200580564691,False
dnk,rmax5_21d,Low Risk,0.016385086344078967,0.11242001381346395,0.3791306611088953,156,0.033293614433572524,0.19447251384242376,0.9347158256118064,0.7045908386757747,False
dnk,rmax5_rvol_21d,Short-Term Reversal,0.06101420089223475,0.494744357983843,1.9952492788636738,156,0.027587817226144864,0.17629984414474936,0.874747608773423,0.04601569882363199,False
dnk,rskew_21d,Short-Term Reversal,-0.019975013879645426,-0.1549953708886542,-0.5516995886891448,156,0.009370168406558209,0.05962253988767969,0.3116586613771431,0.5811541918192984,False
dnk,rvol_21d,Low Risk,0.02613584197477096,0.1763918871653929,0.7071201262803104,156,0.03750629019860549,0.1932049785748995,0.9689928983528623,0.4794918296766193,False
dnk,sale_bev,Quality,0.055122886046694124,0.4423332470691244,1.4738463574696155,156,0.04336483673864848,0.2572714990167278,1.11893806643764,0.14052296350676197,False
dnk,sale_emp_gr1,Profit Growth,-0.027491798833859875,-0.21401171014668055,-0.7434010506158106,156,0.06873197632670536,0.4532967874746662,1.8965094365523945,0.4572389084200761,False
dnk,sale_gr1,Investment,0.011713916778022072,0.08532687562787775,0.30010536686499945,156,-0.0006014079694304054,-0.0038529246194489277,-0.016226275454403184,0.7640967856155723,False
dnk,sale_gr3,Investment,-0.004667120810469091,-0.037850341988363026,-0.1433766712599134,156,0.03661215306983818,0.21072325507331727,0.8580695108468119,0.8859927062461579,False
dnk,sale_me,Value,0.05300860758478108,0.31383962648136987,1.0590908652276434,156,-0.01719846799731156,-0.09608980147150177,-0.40217479500521564,0.2895583997300277,False
dnk,saleq_gr1,Investment,-0.03019852757473427,-0.20911820634328154,-0.8306204290107163,156,-0.0690943791379734,-0.3981506730310962,-1.0585113524879766,0.40618809026656244,False
dnk,saleq_su,Profit Growth,0.06866255053408384,0.46505257039439707,1.9256431805172594,156,0.08002943670892185,0.488897626522602,1.4718407351945064,0.05414894309998486,False
dnk,seas_11_15an,Seasonality,0.014229150438510542,0.10049280063994909,0.5256631227279606,156,0.061854456637312816,0.3498809775349404,1.3407550511794275,0.5991222904798184,False
dnk,seas_11_15na,Seasonality,-0.06687118116979701,-0.48097900829153334,-1.6192314849620915,156,0.012470591181154627,0.05927404099530322,0.23334054647363775,0.10539746606847289,False
dnk,seas_16_20an,Seasonality,-0.056002427945860994,-0.39520899692623973,-1.4748059336434638,156,-0.055081763094998,-0.25153069352503915,-0.7073879313841891,0.14026472551664404,False
dnk,seas_16_20na,Accruals,0.05550954051771903,0.3891868068716051,1.2133672011769105,156,-0.11097190930117157,-0.6242875443940035,-1.894413725108036,0.22498946040928103,False
dnk,seas_1_1an,Profit Growth,-0.03336073092043309,-0.23876470918983955,-0.8803110680699382,156,0.031326382375965606,0.2077016384283983,1.04431408665634,0.3786908183527302,False
dnk,seas_1_1na,Momentum,0.14524596651554283,1.0360064886831495,5.323013446480646,156,0.09807517103844837,0.5556607702845406,2.721316734351064,1.0206219758224222e-07,True
dnk,seas_2_5an,Seasonality,0.0013149690725242748,0.009099633289488927,0.03361114681098615,156,0.051715187291190956,0.3243596171104444,1.6560689290045154,0.9731872334217972,False
dnk,seas_2_5na,Investment,0.07867463111734094,0.548352216705581,1.994642961203342,156,0.04695832085350685,0.2970209204684338,1.5939124510595706,0.046081834459542614,False
dnk,seas_6_10an,Seasonality,-0.05582805454216224,-0.4142562122960344,-1.5205398946810733,156,0.023907964969819222,0.12310991151433902,0.5702845970736891,0.1283753399680938,False
dnk,seas_6_10na,Low Risk,0.03660864550200879,0.23111299932475757,0.7429408993103745,156,0.02673770462691479,0.15577640211600488,0.6943412114327904,0.4575174625644256,False
dnk,sti_gr1a,Seasonality,-0.06836688459968397,-0.5445612440707581,-1.850200297344594,156,-0.015385138987633695,-0.10894685107479922,-0.5215229191901769,0.06428468613349292,False
dnk,taccruals_at,Accruals,-0.10759365320721384,-0.8110955352959729,-2.9977469982625324,156,-0.03754850751844305,-0.22001249942930456,-1.0618118531709206,0.0027198336113445354,False
dnk,taccruals_ni,Accruals,-0.07335942000579405,-0.5040148674021808,-1.7134232746534626,156,-0.00763131059566089,-0.04469386162114081,-0.22360194959009239,0.08663469745706376,False
dnk,tangibility,Low Leverage,0.03171303637085985,0.23987950432183128,0.8639656753796233,156,0.014632692920300026,0.09099070409324905,0.36081432591994156,0.38760674668895456,False
dnk,tax_gr1a,Profit Growth,0.04047751237497911,0.3173626722761971,0.9760193841315928,156,0.030045668342432726,0.19214099704192092,0.8140092485464817,0.32905485854448013,False
dnk,turnover_126d,Low Risk,-0.030724857247451946,-0.20799860551171043,-0.7933355447250124,156,-0.03054806338108875,-0.16933866698940053,-0.7751686052429368,0.4275823528927343,False
dnk,turnover_var_126d,Profitability,-0.04027908258817214,-0.3942360122979522,-1.5014249204626997,156,0.013415718770229759,0.09765649932644248,0.36720815225237463,0.1332456922953109,False
dnk,z_score,Low Leverage,-0.0017883755777686815,-0.010501925480820101,-0.03506387432517255,156,0.05866832051488041,0.3454446921064451,1.4424693531832677,0.9720288077996633,False
dnk,zero_trades_126d,Low Risk,-0.03257855180968358,-0.21543026080568803,-0.8277704797491489,156,-0.02567469409315543,-0.1402378427550096,-0.6220032090701288,0.4078004957966841,False
dnk,zero_trades_21d,Low Risk,-0.03377597877714579,-0.2241579671380848,-1.059892274130592,156,-0.049974786381092616,-0.2664495435937693,-1.142238385087165,0.2891936108538109,False
dnk,zero_trades_252d,Low Risk,-0.02365951389277507,-0.14851708450419035,-0.5701222029641376,156,-0.01526302883449659,-0.0828521897683788,-0.33344820319647034,0.5685948169868891,False
world_ex_us,age,Low Leverage,-0.06993998163730113,-0.9721933529922093,-2.783418808235234,156,-0.1024126779395731,-0.781646346939951,-3.3163017727466078,0.005378932331236541,True
world_ex_us,aliq_at,Investment,-0.014154110997688535,-0.34115073716044203,-0.9432168528118643,156,0.004672189356031367,0.051412166265569846,0.25997496553828475,0.34556999495597784,False
world_ex_us,aliq_mat,Low Leverage,-0.03703417744816528,-0.5803172446113338,-1.557058761156848,156,-0.0539052935524041,-0.696913365862674,-2.820136426557935,0.11945653485510754,False
world_ex_us,ami_126d,Size,0.011616279414907886,0.29999387442786013,0.9988102808705451,156,0.008661087339482565,0.14317984273206125,0.6503993930449109,0.3178866047553017,False
world_ex_us,at_be,Low Leverage,-0.010339649885068183,-0.20685256279163367,-0.6400308328521823,156,-0.010797454754641871,-0.10817938163330783,-0.6550367295768759,0.5221525543900241,False
world_ex_us,at_gr1,Investment,0.0019589287826812093,0.048228283876075306,0.12959467975577882,156,0.007053580088739452,0.10199531324257226,0.43696894407500814,0.8968871126895259,False
world_ex_us,at_me,Value,0.02196095092313536,0.27206773944065843,0.8427061683578455,156,0.0582282536247742,0.5612447104613103,2.3377566967309287,0.39939279652952897,False
world_ex_us,at_turnover,Quality,0.006967342460464545,0.17817991701408364,0.5412469093900576,156,0.014880159459308998,0.2459525042588572,1.235754628388551,0.588337408484711,False
world_ex_us,be_gr1a,Investment,0.0035687143777661827,0.07397172666900871,0.22963794311182864,156,0.020526454699197574,0.20509514560725506,1.2043343368059627,0.8183731203252758,False
world_ex_us,be_me,Value,0.02154130294257683,0.2751133468496319,0.8340641600323065,156,0.06728358966822764,0.6450170125412202,2.8698357773671757,0.40424482996394384,False
world_ex_us,beta_60m,Low Risk,0.0012561643185850214,0.016642473438978064,0.06564679467402142,156,0.02217238142202394,0.1994575210150007,0.8831364421047281,0.9476590326747227,False
world_ex_us,beta_dimson_21d,Low Risk,0.006126950810277183,0.10610496752121866,0.5326092379796533,156,0.001857919458995814,0.019477954885204096,0.09728799164905581,0.5943041059771943,False
world_ex_us,betabab_1260d,Low Risk,0.012225292194883382,0.14559359173726766,0.5582810142598154,156,0.04391750527945551,0.38572270404077674,1.751224651874106,0.5766525073418953,False
world_ex_us,betadown_252d,Low Risk,-0.0055768725412020295,-0.0752954984555918,-0.27870630642350314,156,0.026631302944955144,0.2288155549806646,1.0896699325388324,0.7804702223909081,False
world_ex_us,bev_mev,Value,0.01785745139960947,0.2282575106530782,0.6991584439278566,156,0.066482107433847,0.6871603511017585,2.7547456543090294,0.4844530176022346,False
world_ex_us,bidaskhl_21d,Low Leverage,-0.017725941724074552,-0.36716957378013654,-1.1026246750141961,156,-0.03754299097965477,-0.5242873177253118,-1.9271367657228398,0.27019019012623247,False
world_ex_us,capex_abn,Debt Issuance,0.00409492302743117,0.20641361984715217,0.5605285925130368,156,0.02115149001189211,0.42207468576499446,2.030792224619605,0.5751189425719367,False
world_ex_us,capx_gr1,Investment,0.013985913628606175,0.5900641156652073,2.1459818882787483,156,0.02556061176015109,0.34682235117447185,1.6534975827654361,0.031874423724698175,False
world_ex_us,capx_gr2,Investment,0.014971407524446406,0.5378210808666736,1.613434185092085,156,0.03096624048223671,0.4214412210070784,1.9879962289077893,0.1066502112119807,False
world_ex_us,capx_gr3,Investment,0.014813328982306953,0.4880397227769888,1.317593420905528,156,0.04155862855167066,0.6231333212869631,2.6996000582911246,0.18763978917551105,False
world_ex_us,cash_at,Low Leverage,0.01651549391818471,0.4683465658014555,1.3259671727548508,156,-0.0020794110188681976,-0.02485882115656129,-0.1360228355042826,0.18485057112682357,False
world_ex_us,chcsho_12m,Value,0.021299537132372183,0.9203634930829188,3.4532621726106276,156,0.030248439643869585,0.5014104468345615,2.1436672371655527,0.0005538504369029251,True
world_ex_us,coa_gr1a,Investment,0.004486201151789516,0.12487346405459121,0.36585209136227137,156,0.01639725898859708,0.24226586937587552,1.1043633225359057,0.7144754471305357,False
world_ex_us,col_gr1a,Investment,-0.01970912988770321,-0.5541711855861168,-1.544901789047463,156,-0.0004314275913028854,-0.005812975196689838,-0.02670651200826549,0.12237002066481217,False
world_ex_us,cop_at,Quality,0.02961564811815301,0.987316925768903,3.977349893892662,156,0.04792753331515308,0.6124305380083668,4.623525168473795,6.968758597958313e-05,True
world_ex_us,cop_atl1,Quality,0.026376112655407874,0.7995754734896392,2.9689342899201714,156,0.0351524940104167,0.44233295136737827,3.3017833531278376,0.0029883449191576705,True
world_ex_us,corr_1260d,Seasonality,-0.01683080527486708,-0.3282477066031551,-1.129895618974356,156,0.009656746579492588,0.12401454758184668,0.621280838142329,0.2585202102219333,False
world_ex_us,coskew_21d,Seasonality,0.00969065042000744,0.3530861201375106,1.1544033025536475,156,0.011682572391112353,0.29612947338539014,1.5691691419344316,0.2483348618263599,False
world_ex_us,cowc_gr1a,Accruals,0.023955050322770323,1.3754183732001806,4.4409180342269075,156,0.022409924981299345,0.4361537889145071,2.5032844743051745,8.957591177249924e-06,True
world_ex_us,dbnetis_at,Seasonality,0.00972881778208817,0.506039259141348,1.608353663680085,156,0.012069358655019893,0.15732295380419187,0.8935815385538204,0.1077577437934083,False
world_ex_us,debt_gr3,Debt Issuance,0.020208646303846486,0.8726713016091366,2.617885404058719,156,0.016757910933512463,0.39044262753758563,1.9800224375723965,0.008847651245888377,True
world_ex_us,debt_me,Value,0.006153435125625476,0.08798936190988774,0.2701314110004932,156,0.03062103694460743,0.30108829213133864,1.339718899641747,0.7870591575873676,False
world_ex_us,dgp_dsale,Quality,0.019351838959951996,0.694805302092034,2.0940597268002996,156,-0.014352465822046547,-0.23183308365659988,-1.304122425080033,0.03625466006050915,False
world_ex_us,div12m_me,Value,0.01816409092317822,0.3050015515570199,1.0017978195575583,156,0.07058039754340531,1.0072605986615606,3.6061824669353624,0.31644125054762506,False
world_ex_us,dolvol_126d,Size,0.021819165836110925,0.5543350517475671,1.8505275180291554,156,0.015951365914978758,0.24884877598568944,1.1046396237021547,0.064237555641387,False
world_ex_us,dolvol_var_126d,Profitability,0.012271050988292377,0.38665499607254517,1.5994772302367575,156,0.006444731692371293,0.12374158958207267,0.6427749448434901,0.10971460402569688,False
world_ex_us,dsale_dinv,Profit Growth,0.0039423752702361006,0.19618096743681998,0.6872866560501757,156,0.014285710981461447,0.31670189721944747,1.26253341548525,0.491902106012414,False
world_ex_us,dsale_drec,Profit Growth,-0.005683878407573191,-0.2746683203501709,-0.9336062082419775,156,-0.006207680287331594,-0.10584078154120158,-0.5181582141121757,0.3505070617139001,False
world_ex_us,dsale_dsga,Profit Growth,0.004281331421913413,0.15841879655860813,0.5502821152718922,156,0.013381217966087745,0.31580882937807575,1.2247827814704644,0.5821258891926899,False
world_ex_us,earnings_variability,Low Risk,0.003430423267881553,0.13534051331413058,0.5421088333081637,156,-0.003517004614959302,-0.08235654045297347,-0.3361553911290556,0.5877435338929811,False
world_ex_us,ebit_bev,Profitability,0.023425352835103976,0.546736284444704,2.125054001494564,156,0.015701175641642154,0.1718058599772585,0.9631477409177642,0.0335821071643112,False
world_ex_us,ebit_sale,Profitability,0.003328991995198784,0.11212183894927791,0.3003127262038446,156,0.010082938449885783,0.14040878415109337,0.80669092255225,0.7639386268878425,False
world_ex_us,ebitda_mev,Value,0.030876930197009645,0.5289895622996222,1.620868951671195,156,0.06989322486200945,0.6706378540504621,3.0308243254787426,0.10504574687517954,False
world_ex_us,emp_gr1,Investment,0.010543098266734548,0.26561283108153766,0.6797781098567763,156,0.036885696621681334,0.5047989851666527,2.2595527672979867,0.49664496919731027,False
world_ex_us,eq_dur,Value,0.024719951324326632,0.33575131837240063,1.0301839306557525,156,0.07033095454234341,0.7154487020462313,3.230999191510864,0.3029236716423376,False
world_ex_us,eqnetis_at,Value,0.029483606356188304,0.8355038993001398,2.1399247168844124,156,0.043962157412219524,0.5119914996579737,2.262823910678235,0.032360851247543065,False
world_ex_us,eqnpo_12m,Value,0.0354714705510521,0.7267566061976538,1.999822137005199,156,0.05917073474480462,0.9089261533688175,3.3010525972609153,0.04551947330268957,False
world_ex_us,eqnpo_me,Value,0.011222680330004389,0.24244312721081596,0.7554759347600943,156,0.050849806485210806,0.5249488844417534,2.0088473943582406,0.4499634664578971,False
world_ex_us,eqpo_me,Value,-0.0009207733560955775,-0.014390780384611996,-0.04433224717550632,156,0.04945342562768592,0.4798221851900936,1.7401410243199824,0.9646395674055717,False
world_ex_us,f_score,Profitability,0.034994236353870216,1.05044085575588,3.2913674374450945,156,0.0344054400021411,0.6251248308002695,2.598788976353693,0.0009970159407446388,True
world_ex_us,fcf_me,Value,0.04283795058755821,1.1019391144317652,3.067464847121441,156,0.04837325685464467,0.5361105702735546,2.6966942103460116,0.002158828508184607,True
world_ex_us,fnl_gr1a,Debt Issuance,0.01848144703565064,0.9690125251152133,2.8571978032095915,156,0.011600203601198903,0.18057924070651374,1.1930021264945259,0.004273993993699321,True
world_ex_us,gp_at,Quality,0.018215500418128056,0.3942190964113116,1.1956807510557963,156,0.013494327008796513,0.16373958152200807,0.9803261471456157,0.23182116581515566,False
world_ex_us,gp_atl1,Quality,0.010273178785631686,0.2012795652877025,0.5868627151101355,156,0.009585163775961128,0.11010294542838481,0.7136905147116173,0.5572959124840504,False
world_ex_us,inv_gr1,Investment,0.013274251577289231,0.4413726516626191,1.2416284415335634,156,0.028498616457884766,0.5816648232167374,2.177347934764587,0.21437368302870574,False
world_ex_us,inv_gr1a,Investment,0.011170092509960561,0.37846947857609997,1.141605246995442,156,0.016115206483187348,0.29163916705368814,1.4435802350668967,0.2536181420503423,False
world_ex_us,iskew_capm_21d,Short-Term Reversal,-0.002142151653859923,-0.1199027435592805,-0.5608927143527753,156,0.0007419628918541006,0.026275872456731457,0.11767912678543917,0.5748706770165037,False
world_ex_us,iskew_ff3_21d,Short-Term Reversal,-0.006652712864453687,-0.43495222444525744,-1.4666506674655735,156,-0.008774597609218894,-0.33361704906628886,-1.3848929488066957,0.14247110930106444,False
world_ex_us,iskew_hxz4_21d,Short-Term Reversal,-0.004584563907533316,-0.2700888151242824,-0.998527320035159,156,-0.026374388690257156,-0.9010034564046646,-2.7125954202125975,0.3180237235216663,False
world_ex_us,ival_me,Value,0.01851463202929443,0.2936042038713573,1.0523815880849183,156,0.06312779701991995,0.6194039075226023,3.1053254591352353,0.2926245125869462,False
world_ex_us,ivol_capm_21d,Low Risk,0.034537095686728865,0.645422746620764,1.9642607828226117,156,0.04954646167284642,0.5475959953222165,2.3522667266318313,0.049499857141069636,False
world_ex_us,ivol_capm_252d,Low Risk,0.017028745878060823,0.2697121174251279,0.8542877498605952,156,0.04162336043423596,0.4146244993287461,1.6641619084600718,0.39294557303549604,False
world_ex_us,ivol_ff3_21d,Low Risk,0.035715756324216794,0.6677742096303189,2.000321853437394,156,0.039070802415311676,0.42455455560449135,1.732941972675598,0.045465520724046415,False
world_ex_us,ivol_hxz4_21d,Low Risk,0.038662508143463524,0.6962242786363741,2.1294307509969697,156,0.013858121497482997,0.1454395810261184,0.48938863504378916,0.03321863853100582,False
world_ex_us,kz_index,Seasonality,-0.006441032707863831,-0.1682386990359502,-0.45616048573615253,156,-0.004397258893455089,-0.06730328149215342,-0.3133655447113528,0.6482745776654784,False
world_ex_us,lnoa_gr1a,Investment,0.017686786556643748,0.5433730051446167,1.6240559169702846,156,0.02474001965252289,0.4379025915039081,1.9770555616355172,0.10436387512615553,False
world_ex_us,lti_gr1a,Seasonality,-0.00011964298803746908,-0.006546801437976675,-0.02085857464666382,156,-0.00802122034108679,-0.11177657636003005,-0.6375922987488125,0.9833584720708621,False
world_ex_us,market_equity,Size,0.018186968996356363,0.4315514931515185,1.2533204789866683,156,0.017030916643117434,0.22874995488984212,1.1065447770549361,0.21008909844196344,False
world_ex_us,mispricing_mgmt,Investment,0.03637134098876794,0.8636177600782663,2.218601549761397,156,0.049340583614237946,0.7405415815258783,3.0025160017951054,0.026513844029118827,False
world_ex_us,mispricing_perf,Quality,0.045762371862250135,0.7280919674128039,2.6516962640605652,156,0.04561379057276733,0.46836608224262133,2.2006362873496967,0.008008855176846241,True
world_ex_us,ncoa_gr1a,Investment,0.01811284450370114,0.6392242753341089,1.7451712132226356,156,0.0194846207824934,0.3022763484760423,1.6579300567141666,0.0809550705111457,False
world_ex_us,ncol_gr1a,Debt Issuance,-0.0016774469071083626,-0.09008900562850837,-0.3447863556699213,156,-0.00912566793483032,-0.1573194438225636,-1.115978684007,0.7302549914207024,False
world_ex_us,netdebt_me,Low Leverage,0.017212768730108637,0.3765474515466297,1.1235615800590208,156,-0.007567406970197428,-0.07599944092538022,-0.3710886318934416,0.26119906269568083,False
world_ex_us,netis_at,Value,0.03999269915489763,1.1707305929683005,3.33446013000435,156,0.07045589578392852,0.7694914966655892,4.182529009845645,0.0008546515165734903,True
world_ex_us,nfna_gr1a,Debt Issuance,0.02098082884633001,1.1402467508869714,3.440145265643905,156,0.011920721999213907,0.1818824801042976,1.1922690903421043,0.0005814020383518859,True
world_ex_us,ni_ar1,Debt Issuance,-0.0023551477260746927,-0.16216201157077637,-0.5595740815373208,156,-0.0010412298977838276,-0.03667488019025196,-0.17360328074674258,0.5757699877340607,False
world_ex_us,ni_be,Profitability,0.02102910191191167,0.48358433598810036,1.6946040309129742,156,0.018784138357317123,0.2727787463671124,1.39358522488391,0.0901505618963061,False
world_ex_us,ni_inc8q,Quality,0.015596202468677024,0.47078108822940695,1.4852735397981194,156,0.03971112494562175,0.34227921339837514,1.3591194529033686,0.13747137820038136,False
world_ex_us,ni_ivol,Low Leverage,-0.015451646219942,-0.3837811088239862,-1.1142741592800003,156,-0.011335048533101362,-0.18284776927867494,-0.692357729353928,0.26516158922222255,False
world_ex_us,ni_me,Value,0.030287525113957416,0.5101884841171415,1.4901044923591371,156,0.06216471240128865,0.6335875175544683,2.780737000728162,0.13619676317944385,False
world_ex_us,niq_at,Quality,0.025766236626232668,0.441386194991341,1.6679697770365178,156,0.09791675111074433,0.8319970337265868,2.378875386909393,0.09532172656925364,False
world_ex_us,niq_at_chg1,Profit Growth,0.05274323246359709,1.429134455951886,4.268151817418011,156,0.018270704731514507,0.15231230664049866,0.6639065633565153,1.9709917343790906e-05,True
world_ex_us,niq_be,Profitability,0.04150401223389411,0.9234957853067604,3.3739456594211448,156,0.1172895704876302,1.0349586329376628,2.9412437748228393,0.0007409899376598084,True
world_ex_us,niq_be_chg1,Profit Growth,0.05236668011107619,1.415357602292862,4.3813516319887835,156,0.01200958771884203,0.13569181745608666,0.49696075560354136,1.179453462762936e-05,True
world_ex_us,niq_su,Profit Growth,0.049099171258537064,1.5483274431175313,4.722088288724974,156,0.03804085289662148,0.3568013193194024,1.7929771536618468,2.334353005117862e-06,True
world_ex_us,nncoa_gr1a,Investment,0.017308271542029085,0.6545952820021639,1.7620015279254875,156,0.018144951518576473,0.2860978573806366,1.7311471539371757,0.07806903932837095,False
world_ex_us,noa_at,Debt Issuance,0.027680081001360587,1.2223814644038058,3.0513466195115715,156,0.031209646020060045,0.4179071322707616,2.451209226528028,0.0022781741074813233,True
world_ex_us,noa_gr1a,Investment,0.036236800915333184,1.3300930058622022,3.6224675423435846,156,0.04804789673547616,0.7608282636051322,3.438449921806728,0.0002918060851091475,True
world_ex_us,o_score,Profitability,0.019464813073506407,0.6435456388119188,2.4513181192936586,156,0.024582767349054867,0.25443439080105656,1.8469229987114624,0.014233409837853817,False
world_ex_us,oaccruals_at,Accruals,0.02262759012513795,0.9468141026929041,3.7000644461063015,156,0.030771341434137397,0.5649259061401849,3.049303441996885,0.00021554472261309243,True
world_ex_us,oaccruals_ni,Accruals,0.018436636723541015,0.5749041321998029,1.7931138306936316,156,0.017325381186399723,0.20843025839590815,1.5480979418371754,0.07295472456915131,False
world_ex_us,ocf_at,Profitability,0.02031354870517611,0.444944977096151,1.608024060269909,156,0.04579838753557997,0.8037320195515346,3.6384877070980233,0.10782990936547798,False
world_ex_us,ocf_at_chg1,Profit Growth,0.027203069671111385,1.298727144579135,5.334122501896407,156,0.03408340957123293,0.6147420046442447,3.497566647852251,9.60076944611643e-08,True
world_ex_us,ocf_me,Value,0.03986232454363202,0.648337825238218,1.9609564196156684,156,0.047950340231633984,0.5551511255586223,2.5337406701919796,0.04988410689501532,False
world_ex_us,ocfq_saleq_std,Low Risk,0.002239442300990208,0.08199584784702282,0.282999931685573,156,0.036822016416516765,0.6789021849061797,1.9769167863147876,0.7771768893704485,False
world_ex_us,op_at,Quality,0.013473997944390198,0.2735159297135532,0.9402663075499624,156,0.026086274143338382,0.3467986818701338,2.0474094024213385,0.3470809772908665,False
world_ex_us,op_atl1,Quality,0.008976076976224096,0.1728311535681909,0.5713118025730383,156,0.00782240379265776,0.08955752936142103,0.5265156369104776,0.5677883026086505,False
world_ex_us,ope_be,Profitability,0.018337699180163612,0.5266643649318058,2.0720851235765703,156,0.02249743530794129,0.3596287426651448,2.1235678082690606,0.03825750342438217,False
world_ex_us,ope_bel1,Profitability,0.012179218342137855,0.3213775991445112,1.1667079032057999,156,0.011910995177618119,0.1851788167286862,1.050405538522724,0.24332835009609477,False
world_ex_us,opex_at,Quality,0.010010098218006039,0.3975947467000316,1.2578536425532416,156,0.01613426626715528,0.30151890342184384,1.4628904216707506,0.20844469155821788,False
world_ex_us,pi_nix,Seasonality,-0.013287346334039028,-0.46464113789901645,-1.9204737002362806,156,0.011163326390727524,0.24892143036530442,1.0723689289043465,0.054798092055411196,False
world_ex_us,ppeinv_gr1a,Investment,0.008889999356250768,0.27530584950590925,0.6526123605207708,156,0.017381047716644234,0.30937453313255886,1.5742714894150136,0.5140062149005753,False
world_ex_us,prc,Size,0.0021813574887591747,0.03989710794093163,0.13779619967568638,156,0.026016170197416564,0.31073228868633856,1.2992479618471908,0.8904014879278583,False
world_ex_us,prc_highprc_252d,Momentum,0.06005913866731229,0.7872455063739157,3.5464602410121424,156,0.024359111869465475,0.19078000264351674,0.842823507378125,0.0003904436540773659,True
world_ex_us,qmj,Quality,0.03367798557649027,0.642882884338318,2.3250842027939873,156,0.03926783531784851,0.6062709926971307,2.605243769469691,0.02006745817973532,False
world_ex_us,qmj_growth,Quality,0.025215777610058998,0.8354007124251089,2.6791970637303746,156,0.025699479990496574,0.6743884880834208,2.7382190368014485,0.00737989470929401,True
world_ex_us,qmj_prof,Quality,0.019715843220417025,0.38263636189597644,1.2721957718173613,156,0.024068376400558186,0.28121256800711997,1.6879436738907816,0.20330356954766393,False
world_ex_us,qmj_safety,Quality,0.018996415287696126,0.37544269841832817,1.35109883251672,156,0.004414612545388915,0.0464924545156966,0.23105724888205462,0.17666377541632983,False
world_ex_us,rd5_at,Low Leverage,0.04734832765636219,0.770954468559138,2.5866097224327325,156,0.02287357973535891,0.26284081502972356,0.984721686334494,0.009692530565561519,True
world_ex_us,rd_me,Size,0.06174355307449872,1.2472484725710344,4.095903627427295,156,0.047476717777151956,0.49275517736940794,2.767251456531822,4.205248540922746e-05,True
world_ex_us,rd_sale,Low Leverage,0.03939126728543222,0.6368434795722803,2.071013566140885,156,0.018599237690464655,0.1647072078324867,0.8068776774351772,0.03835752829660333,False
world_ex_us,resff3_12_1,Momentum,0.05470559571261846,1.4985121114871471,6.500202675373081,156,0.06510221897170752,1.2367644527508364,5.223591894106975,8.021183717232816e-11,True
world_ex_us,resff3_6_1,Momentum,0.03610225724443117,0.9582143168656567,3.8164116166199915,156,0.0327176727720695,0.574282444923547,2.662014421741736,0.0001354065470078325,True
world_ex_us,ret_12_1,Momentum,0.06948561017669952,1.005878068869441,3.8529087855867115,156,0.05216733515651449,0.451016832993047,1.9058278121820011,0.00011672288121133967,True
world_ex_us,ret_12_7,Profit Growth,0.04625505900877566,0.7514356384872929,2.417099740921849,156,0.05254575750133436,0.6348689472903262,2.3901862018433495,0.015644729557104498,False
world_ex_us,ret_1_0,Short-Term Reversal,0.0025243794868609294,0.047225026445939955,0.15431113611990552,156,0.032605345954757704,0.34642800558969544,1.8849596884169477,0.8773644171320394,False
world_ex_us,ret_3_1,Momentum,0.020806273624153816,0.4055712332612097,1.584725777916856,156,0.01229764937610007,0.12689252860447128,0.720225766226506,0.11302865235914972,False
world_ex_us,ret_60_12,Investment,0.00864382140498406,0.15913997572173605,0.45444360765562014,156,0.028661163698941443,0.4552138297108215,1.5967234892017603,0.6495095717068482,False
world_ex_us,ret_6_1,Momentum,0.05220965904877732,0.8932560588743148,3.949939102592505,156,0.03212399303830174,0.2941922687172249,1.4939947799823479,7.817107937135859e-05,True
world_ex_us,ret_9_1,Momentum,0.06728667106061823,1.0015444727101375,4.379989243974661,156,0.04410731500961999,0.39287531951696336,1.8852604768918353,1.186851670897937e-05,True
world_ex_us,rmax1_21d,Low Risk,0.0260376219502789,0.5145215339197218,1.6212290867835715,156,0.042809074887031534,0.4675967838551961,2.032187856383305,0.10496851687630748,False
world_ex_us,rmax5_21d,Low Risk,0.023705430698329765,0.42263914515619583,1.283266996886779,156,0.05116746705282155,0.5094969392289319,2.2133506791382875,0.19939855097607762,False
world_ex_us,rmax5_rvol_21d,Short-Term Reversal,0.017595345198326576,0.48768797532487357,1.7143918986350808,156,0.01740667169452714,0.31757470936881843,1.9372078943288644,0.08645677539443009,False
world_ex_us,rskew_21d,Short-Term Reversal,0.010687312337012875,0.47133957877812366,1.6443154004406424,156,0.004403115790364941,0.14550800464521835,0.755404259926723,0.10011106982437745,False
world_ex_us,rvol_21d,Low Risk,0.022684847092410337,0.3429814049639875,1.2294154653426972,156,0.04094394198116746,0.3694566711358734,1.659607558092409,0.21891607472869623,False
world_ex_us,sale_bev,Quality,0.02180227301552041,0.665336012005685,2.0340865881438477,156,0.02118404953424358,0.3691984828213854,1.7025798333194255,0.041942865975139076,False
world_ex_us,sale_emp_gr1,Profit Growth,0.005860399179075056,0.17350607193962453,0.5826582052101712,156,-0.0003252308381700316,-0.005616466447642085,-0.02889900074873585,0.5601234140975739,False
world_ex_us,sale_gr1,Investment,-0.011204531804547571,-0.24754758160954413,-0.6862357969689584,156,0.019062163434378963,0.258597129496274,1.2107869235560635,0.49256442772803277,False
world_ex_us,sale_gr3,Investment,0.007540588597667508,0.18280520994564695,0.5290348188050611,156,0.017029677684486197,0.21726431358679588,0.918265106194753,0.5967812962079058,False
world_ex_us,sale_me,Value,0.027872667753010633,0.430599515481221,1.3105111073104199,156,0.07040713683710641,0.7321470847671396,2.9536172007459585,0.19002298917710858,False
world_ex_us,saleq_gr1,Investment,-0.03274278195336111,-0.6229161485383891,-1.7283261761354014,156,0.019191027061569145,0.15320108462683152,0.5765799049153181,0.0839297626474873,False
world_ex_us,saleq_su,Profit Growth,0.05080814870162269,1.193520235439386,3.6027616522638004,156,0.02309646853457692,0.351550003234033,1.4301443806802097,0.0003148542088435846,True
world_ex_us,seas_11_15an,Seasonality,0.018188511452127555,0.6022714626292412,2.178200313567584,156,0.004755831672641964,0.13510240020239728,0.5662076636501031,0.029391126747308594,False
world_ex_us,seas_11_15na,Seasonality,0.0053219688122993014,0.13871473694486935,0.3519123759942223,156,0.0067948114920140645,0.17511372399752653,0.5273759192777663,0.7249039774657384,False
world_ex_us,seas_16_20an,Seasonality,0.01810024378607922,0.5240116462470743,2.0162789625635438,156,0.02768430219655758,0.7873516714701372,1.7212520181073188,0.04377081348243106,False
world_ex_us,seas_16_20na,Accruals,0.0010943479550010512,0.029114856001946778,0.10347491185448958,156,-0.012608350571478187,-0.4068694042701523,-1.0046745836444473,0.9175860600358585,False
world_ex_us,seas_1_1an,Profit Growth,0.011407883611710867,0.3064463309943759,1.346600290183892,156,0.037705415697477,0.5978905443391668,2.5440262113114587,0.17810900065937418,False
world_ex_us,seas_1_1na,Momentum,0.06719210732849,0.9714088558499414,3.5414420051776916,156,0.010525427142960396,0.0916112773259212,0.39331307633898877,0.0003979463297900665,True
world_ex_us,seas_2_5an,Seasonality,0.010638543448920085,0.33884801389349983,1.2519180964108119,156,0.038017381981389986,0.9399762623034591,4.287735138899653,0.21059970996032762,False
world_ex_us,seas_2_5na,Investment,0.012914575406482123,0.23454086161923937,0.6453762515888785,156,0.052415283243823094,0.832569387124299,2.995770351914909,0.5186833894623393,False
world_ex_us,seas_6_10an,Seasonality,0.016713180553488884,0.5567060827494811,1.8970657127904,156,0.05973626994897723,1.4181877380902213,5.76915370212499,0.05781926578106611,False
world_ex_us,seas_6_10na,Low Risk,0.04004313646229478,0.930905254997327,2.600419348252642,156,0.04063492337197131,0.8778800982279414,3.6334493655796942,0.009310990267060726,True
world_ex_us,sti_gr1a,Seasonality,-0.0026728946507986544,-0.17096293323563977,-0.5016391893801779,156,-0.005862010531661641,-0.11195187062384797,-0.9331635704248065,0.6159213473393461,False
world_ex_us,taccruals_at,Accruals,-0.0028634709040586837,-0.13055711564526343,-0.3548900340434924,156,0.012674430432626489,0.1591255178543003,1.046522772025576,0.7226719748415213,False
world_ex_us,taccruals_ni,Accruals,-0.002350476776470262,-0.08137334665957055,-0.23780380021635847,156,0.0028775744842415036,0.05012980629348247,0.28458431724436056,0.8120332710678841,False
world_ex_us,tangibility,Low Leverage,0.008416030687604076,0.2986707531897354,0.9928123117365354,156,0.022916374778155946,0.3572988023012915,2.0585280726836173,0.3208014289288652,False
world_ex_us,tax_gr1a,Profit Growth,0.017978006528510265,0.6167772732009973,1.8464523462248414,156,-0.0007792614205358668,-0.011531309364702848,-0.06835761548473514,0.06482655258264458,False
world_ex_us,turnover_126d,Low Risk,0.005018807449979894,0.09071782747844069,0.3701386612470538,156,0.022222924589105287,0.271734214891311,1.0710653839475917,0.7112791770203919,False
world_ex_us,turnover_var_126d,Profitability,0.01387267757378799,0.44981611841056807,1.7859504566947904,156,0.009930091304124661,0.198559857373581,0.9968187208227919,0.0741072802507905,False
world_ex_us,z_score,Low Leverage,-0.0066397423294270695,-0.10897788022867785,-0.29909687709134775,156,-0.020852871776394562,-0.2422049676523169,-1.021222096456803,0.7648661290048218,False
world_ex_us,zero_trades_126d,Low Risk,0.004627000010767992,0.08317487993986039,0.3390206498383712,156,0.0233807261095952,0.2863904696412132,1.1310973555982766,0.7345941740741817,False
world_ex_us,zero_trades_21d,Low Risk,0.005117715546986037,0.09917979961339783,0.41331310525386683,156,-0.0034752694469199494,-0.04381038457417207,-0.17903918185892956,0.679377229409881,False
world_ex_us,zero_trades_252d,Low Risk,0.006730901898533545,0.1224211754923594,0.49913356033983386,156,0.026965950684375496,0.33032257695025247,1.2833646646469417,0.6176852962696902,False
world,age,Low Leverage,-0.054136521155717585,-0.6666004298468132,-1.8072099821510141,156,-0.02447783509869208,-0.26819244728839425,-2.04496375084409,0.07072954511362628,False
world,aliq_at,Investment,-0.01430254477674487,-0.25850090803125303,-0.6736660318115713,156,0.011504155689831923,0.12532254731305092,0.8639892139878469,0.500523662208133,False
world,aliq_mat,Low Leverage,-0.0263335218596649,-0.3707246342054249,-0.9724850375592191,156,-0.04882003820053755,-0.6477604631146168,-4.384260254539309,0.3308093049572445,False
world,ami_126d,Size,-0.009602549481961948,-0.21478616157383976,-0.7689088313467859,156,0.023813505614206747,0.21917435921674772,2.0872169480251657,0.44194743434965633,False
world,at_be,Low Leverage,-0.02125434205294192,-0.40631748955743174,-1.157869171284509,156,-0.006508572495306847,-0.08274062082595297,-0.6068033438922823,0.24691743003868982,False
world,at_gr1,Investment,0.0042601825351899865,0.08441665403709989,0.2223030710805068,156,0.02162727992234738,0.29139803609164655,1.9131816599753677,0.8240779615397811,False
world,at_me,Value,0.012123339992696946,0.12964655841218606,0.3824418947110212,156,0.03442120332270012,0.32263881315352033,2.1918058379579963,0.7021336202930386,False
world,at_turnover,Quality,0.01677516246292883,0.38953227151454256,1.2873624183597214,156,0.02426237214453361,0.3619107860398737,2.5300259742187863,0.19796799696436973,False
world,be_gr1a,Investment,0.01125459094529873,0.21314932203134515,0.6379913838543424,156,0.012813350571728874,0.1501324998398335,1.0741258769276656,0.523479288835385,False
world,be_me,Value,0.0062297101895009335,0.07029721062102494,0.21050297170712493,156,0.044339645506324,0.428090620816483,2.9362886608723184,0.8332751325361858,False
world,beta_60m,Low Risk,-0.008252317459995688,-0.08208718026009515,-0.3029060070516589,156,-0.006216215952398505,-0.036003403681385174,-0.3245560057262236,0.7619614933288537,False
world,beta_dimson_21d,Low Risk,-0.0011595658057137097,-0.0147548423780661,-0.06757509608171142,156,-0.010122397653422955,-0.0743390450217905,-0.7543026859351166,0.9461238805198093,False
world,betabab_1260d,Low Risk,-0.0009510132887122982,-0.00867583000586075,-0.031873359847644965,156,-0.0015230814596203248,-0.00819370327169588,-0.07352988658900836,0.9745730436039313,False
world,betadown_252d,Low Risk,-0.015914836022715352,-0.15979319990151886,-0.5420318682611356,156,-0.003739922562878963,-0.023363928847537248,-0.21365828374257592,0.5877965523394018,False
world,bev_mev,Value,0.0027390459776850096,0.03030408246332832,0.08893499818113641,156,0.03645608997280947,0.3446149142728205,2.2808536031656264,0.9291335692172618,False
world,bidaskhl_21d,Low Leverage,-0.028006651742760486,-0.33038409268004193,-0.9883390476189179,156,-0.005288693372272648,-0.04178674316422385,-0.3659634234613541,0.32298662795728994,False
world,capex_abn,Debt Issuance,0.008148061384469796,0.3413878894072969,1.0422042958739834,156,0.027579523996318658,0.652463983424377,4.868094579001768,0.29731697179632577,False
world,capx_gr1,Investment,0.014298588878724584,0.45207828920656445,1.4676943179407629,156,0.03641296089170498,0.630336053086544,4.522159377116319,0.14218727487637173,False
world,capx_gr2,Investment,0.01854108752882633,0.5222061217101706,1.5369040991259748,156,0.03608122386774911,0.6230033067591088,4.315971386347593,0.12431679557048958,False
world,capx_gr3,Investment,0.016004267103216265,0.4242774881776021,1.2011134102731547,156,0.026620078278374367,0.44992255691676514,2.9872900221274805,0.2297072117818657,False
world,cash_at,Low Leverage,0.02125509376040557,0.35274296240344294,0.9127861907985966,156,0.011708318474930493,0.14751614966239124,1.0463034027656561,0.3613550024600527,False
world,chcsho_12m,Value,0.022240709268942657,0.4491514758585833,1.3339457390114628,156,0.03562680277308606,0.6066973702593463,5.034736867936828,0.18222164005390318,False
world,coa_gr1a,Investment,-0.0036217444893097217,-0.08144176618759322,-0.2517137254296835,156,0.028836821247273284,0.4377659466636761,2.979449513487631,0.8012623471699079,False
world,col_gr1a,Investment,-0.020500305524407438,-0.4460963503264651,-1.3457327362188036,156,-0.0016572904825804763,-0.023925050036134397,-0.1655235177713724,0.17838872489627988,False
world,cop_at,Quality,0.03354959356663679,0.8720275894833338,3.3336129866999173,156,0.05861190166970333,1.1547068137763281,8.438852378923256,0.0008572584613044665,True
world,cop_atl1,Quality,0.028711888826756085,0.6860268874318317,2.3892671906747807,156,0.050026051124012066,0.9476166589996544,7.178081314519349,0.01688201966519509,False
world,corr_1260d,Seasonality,-0.025185565663249018,-0.40553048342502684,-1.4517856948270362,156,0.006126830593846658,0.05809788754542644,0.6015372589211528,0.14656120271938589,False
world,coskew_21d,Seasonality,0.018216721262630475,0.4572991470026917,1.3671035965227585,156,0.0013985488216343924,0.03270141719120211,0.29738771831696514,0.17159283614271503,False
world,cowc_gr1a,Accruals,0.017389249018077695,0.8422876451483048,3.357095675792695,156,0.038358723644869024,0.84790031570314,6.050935191439986,0.000787658515682299,True
world,dbnetis_at,Seasonality,0.011173434455071591,0.47160077005954293,1.3056456530375418,156,0.024699369048042825,0.623866723953718,4.365796569541021,0.19167308755876844,False
world,debt_gr3,Debt Issuance,0.01016016567989863,0.3215004130628856,0.9288442812275385,156,0.02816535246969375,0.6730273740782506,5.00595524781718,0.3529697922660824,False
world,debt_me,Value,0.0016004773002249932,0.018661537547857696,0.055100955998261,156,0.012226761058332746,0.12378612733833426,0.8437054434251183,0.9560580345271006,False
world,dgp_dsale,Quality,0.01236001412479677,0.34098867636511854,1.1680764636155054,156,0.01672032171716273,0.3687313536922575,2.6448912916839262,0.24277592321029662,False
world,div12m_me,Value,0.01022654910761501,0.13925872093627323,0.421859808348632,156,0.02252994576274197,0.17378477228351077,1.4626594129809014,0.673127347834146,False
world,dolvol_126d,Size,0.001217028998374804,0.029764345381938118,0.10995884821624312,156,0.019004675097215727,0.20364945284636446,2.3530743000429815,0.9124420113138778,False
world,dolvol_var_126d,Profitability,0.01796870885165805,0.40614216242763407,1.2437773658413214,156,0.005121293508661094,0.06918006779349885,0.6922789850917942,0.21358151290404148,False
world,dsale_dinv,Profit Growth,0.0033429050047217154,0.12327394180749976,0.3829126674738347,156,0.039406889939633954,1.0608014690880518,7.760479005964486,0.7017845186189762,False
world,dsale_drec,Profit Growth,0.005375121631690848,0.2159364695945971,0.8024795186284192,156,-0.015819687338838068,-0.4248555994514215,-3.3732159931579133,0.42227563131372614,False
world,dsale_dsga,Profit Growth,0.007564700730250831,0.2107480762806012,0.6296100957330603,156,0.004680732854686578,0.10432944851797799,0.8612216059276153,0.5289497166461226,False
world,earnings_variability,Low Risk,0.004846998257523079,0.21387089281657293,0.878618011044533,156,0.01030521416559924,0.16210351355022448,1.3133830689817416,0.37960842677719064,False
world,ebit_bev,Profitability,0.032508112913539854,0.6284531408752412,2.357316264788822,156,0.027560945924333172,0.4032363507312703,2.835399670826024,0.018407562072522143,False
world,ebit_sale,Profitability,0.001974009060503208,0.038529540704663634,0.11239826193698427,156,0.0021122395737861494,0.02722550897969388,0.17906089551021978,0.9105076333696094,False
world,ebitda_mev,Value,0.023911786619044098,0.27885698867442665,0.8229032717798654,156,0.066753844873293,0.646756201113368,4.162508386896832,0.41056300200400564,False
world,emp_gr1,Investment,0.008528922248610746,0.16083085206832012,0.4453868397328269,156,0.019453030672004386,0.25676378394196997,1.7838546589528856,0.6560402210753014,False
world,eq_dur,Value,0.009269611380358464,0.10854324086058588,0.3400352253885762,156,0.05082154062002969,0.5006825014591189,3.3081858584187813,0.7338300007511249,False
world,eqnetis_at,Value,0.03459708997510465,0.7040218847632567,1.774283498519658,156,0.05774300006856091,0.5964610433526752,3.5495884132983413,0.07601626867285538,False
world,eqnpo_12m,Value,0.02740905743381431,0.38024239784779706,1.0913247664184222,156,0.030450333016934353,0.26550447867396626,2.333105344452075,0.27513000372334506,False
world,eqnpo_me,Value,0.02498038070806759,0.34385062165663766,0.9997515470496132,156,0.0564423412677722,0.4935496026204071,2.6986357211090697,0.31743075948032096,False
world,eqpo_me,Value,0.01298467358584221,0.16237960228331655,0.47543858577306364,156,0.04825444175910356,0.37369914929738607,2.0179659062979844,0.6344743973726403,False
world,f_score,Profitability,0.02263749521631938,0.46054503828847015,1.4124871064271565,156,0.03802866463448166,0.6418610751813585,4.547549819401643,0.15780658449194118,False
world,fcf_me,Value,0.046908670460818175,0.7636736850992811,2.1637020858443963,156,0.04568887232054119,0.6681698096917456,4.528325677602571,0.03048722082998956,False
world,fnl_gr1a,Debt Issuance,0.012532733075294664,0.5641816418513441,1.4506053123488145,156,0.03028874620282926,0.8144050811883609,6.182861839263412,0.1468897951978727,False
world,gp_at,Quality,0.026140265427169317,0.4755861351542099,1.4032113468561278,156,0.027563951305535718,0.3913072972565077,2.8881327094164932,0.16055382496915938,False
world,gp_atl1,Quality,0.01835109411060113,0.3049203319438516,0.8448491956752894,156,0.020012185144295168,0.2606486293870719,1.9633170581324275,0.39819504309099685,False
world,inv_gr1,Investment,0.01094997339007777,0.30024826401360905,0.8926591495400595,156,0.045213506591145924,0.8419411734386125,5.619919392696001,0.37203973290050385,False
world,inv_gr1a,Investment,0.0034422784392676787,0.10154560169938659,0.3077787238448527,156,0.03539613048967555,0.6857491976823382,5.01250096396653,0.758250712149815,False
world,iskew_capm_21d,Short-Term Reversal,0.000561076192233223,0.02501848498416519,0.10422996647793772,156,0.017858901716169055,0.46793235457020066,4.024208003155535,0.9169868536707246,False
world,iskew_ff3_21d,Short-Term Reversal,-0.006329502880577377,-0.3105325424758099,-1.1037957017647428,156,0.004003909611218422,0.14398634146233105,1.0729440496634395,0.2696817698060512,False
world,iskew_hxz4_21d,Short-Term Reversal,-0.00249330178927833,-0.11717605359760536,-0.45815197258213325,156,-0.005961670710232203,-0.17795999858345202,-1.0934163202864389,0.6468432619153099,False
world,ival_me,Value,0.01281836176208029,0.1857967399286765,0.6931083977264381,156,0.05315236623010202,0.5768402308147907,3.9128051830199357,0.4882415279741512,False
world,ivol_capm_21d,Low Risk,0.03817465841327155,0.4529466611173216,1.3824218601030172,156,0.024828585987620236,0.1787322799001829,1.5404845492328867,0.16684220784039772,False
world,ivol_capm_252d,Low Risk,0.01437348658555409,0.14897970018330275,0.4519003687003025,156,0.007924290027847926,0.050303227553322095,0.42510303790466736,0.6513407588263185,False
world,ivol_ff3_21d,Low Risk,0.038962220216188476,0.4781118355116274,1.421569438139457,156,0.0345272374049031,0.2871839519134674,2.0442698773863084,0.15515128220035668,False
world,ivol_hxz4_21d,Low Risk,0.04071829277320804,0.48845651914053,1.4616853320419607,156,0.0373716500191198,0.23269514460732446,1.498848285844977,0.1438274585430248,False
world,kz_index,Seasonality,-0.016940285478955826,-0.40117498625169035,-1.0652406316125422,156,-0.006654872196998819,-0.11260899184544362,-0.7985229492110033,0.28676705096956256,False
world,lnoa_gr1a,Investment,0.02016091665626421,0.5560122927388972,1.5621635878030424,156,0.04066634781371394,0.793915922141751,5.4525209400169725,0.11824945610045479,False
world,lti_gr1a,Seasonality,0.004581163407376626,0.24679500521288922,0.8914551086339645,156,0.0005635129099477353,0.014894992405887921,0.11410340547634597,0.37268506448855243,False
world,market_equity,Size,4.8070370294434484e-05,0.0008842184686488333,0.0029533158602371803,156,0.033670759292488944,0.27747517913851344,2.4205579753731015,0.997643598297395,False
world,mispricing_mgmt,Investment,0.03464520312491197,0.6933869827981576,1.8091731054835953,156,0.052178388835107926,0.7737103772402293,4.993062526511512,0.07042411447730368,False
world,mispricing_perf,Quality,0.04834448703969252,0.6646075736627909,2.4481695148551,156,0.05868639494193295,0.42591520490473395,4.0616067838259875,0.014358408486554453,False
world,ncoa_gr1a,Investment,0.019808982727496288,0.5909710546225825,1.6843736893720527,156,0.042554648210274555,0.877422369137898,5.910997009354528,0.09210947228638866,False
world,ncol_gr1a,Debt Issuance,-0.006350488759130069,-0.31879727144371806,-1.1872635361462247,156,0.00549913101342293,0.14046626159969533,1.0958790551411652,0.23512368628030966,False
world,netdebt_me,Low Leverage,0.022216797890870506,0.3527673457889223,0.9967038977375322,156,0.002368042200682386,0.027386464985840863,0.18452016838403335,0.3189082572033808,False
world,netis_at,Value,0.04121011607253896,0.941109094330907,2.3791383092541056,156,0.05963151132290863,0.7470031414257506,4.35169912033651,0.017353163516505177,False
world,nfna_gr1a,Debt Issuance,0.01462141034983861,0.7379666770003004,2.213579132370719,156,0.02918589147371044,0.7788525001856798,5.952521714322347,0.026857744128629735,False
world,ni_ar1,Debt Issuance,-0.0013688226233463008,-0.08092588005239941,-0.24664376310508368,156,-0.002296661146133052,-0.06141526115345217,-0.4827538686476106,0.8051839325512884,False
world,ni_be,Profitability,0.022707310958406744,0.41701019131795025,1.441341493435515,156,0.020801070599519432,0.3013108927787687,2.0698550735181063,0.14948823030060843,False
world,ni_inc8q,Quality,0.01047477013714666,0.290437808363723,0.9643073370707743,156,0.00968136704571227,0.1531885170609611,0.9932541269254141,0.33489186349073874,False
world,ni_ivol,Low Leverage,-0.0064823161312177625,-0.12539245700987678,-0.386542088586734,156,-0.006039819546545587,-0.05978688665169255,-0.395030791318758,0.6990952379069499,False
world,ni_me,Value,0.017445623233359547,0.22035514326817998,0.6423123313013086,156,0.05826429223951099,0.5383667992474196,3.505451532249196,0.5206704092424297,False
world,niq_at,Quality,0.025789329500587335,0.41675944274581456,1.4953781492917255,156,0.03018671456684837,0.31768668642181147,1.8232163940436992,0.13481577987863935,False
world,niq_at_chg1,Profit Growth,0.03889473327407084,1.0378678361715175,3.278214079948836,156,0.03534340688728306,0.5759836812176338,3.6268192167002553,0.0010446613547601125,True
world,niq_be,Profitability,0.03843896115801586,0.718019601737364,2.4558209121920034,156,0.04424602760104203,0.4836937679774792,2.8761028134689948,0.01405631873044677,False
world,niq_be_chg1,Profit Growth,0.04022630112721152,1.0973697553711503,3.411989143036062,156,0.040395158927812355,0.6517156564683925,4.027925647188384,0.000644906817652835,True
world,niq_su,Profit Growth,0.036182637644723126,1.1328938479719703,3.4245264165807314,156,0.03329633223905079,0.6128488662041975,4.331954458456317,0.000615871966655579,True
world,nncoa_gr1a,Investment,0.02326788786887006,0.7008684084334552,1.9715177309435945,156,0.04315827588360254,0.9038658193617308,6.407574419714402,0.048664686940238955,False
world,noa_at,Debt Issuance,0.03982554967005638,1.1483120617966494,3.4350834546825975,156,0.04394811817259603,0.9546458793806796,7.226439948619265,0.000592371372190259,True
world,noa_gr1a,Investment,0.035107052076347206,1.0914823684373143,3.0738949172778027,156,0.05699833219886296,0.9664248524377683,6.22355927723509,0.0021128383957234043,True
world,o_score,Profitability,0.022810572012006734,0.52235156792877,1.8621168122166678,156,0.020470134551147448,0.32677176514998973,2.6542217786507107,0.06258662673649873,False
world,oaccruals_at,Accruals,0.016703413800482427,0.514725100817957,1.897402435262479,156,0.047498647603443356,0.9643580998218196,6.398444467720795,0.05777484447770087,False
world,oaccruals_ni,Accruals,0.014414683847326663,0.4332747199744737,1.3600390841328045,156,0.041807600238306646,0.862325406123605,6.743143549957177,0.17381755606543892,False
world,ocf_at,Profitability,0.0288112284809685,0.5416474228728871,1.949973087521659,156,0.04807967007692827,0.82988722740095,5.55340446657126,0.051179326809919434,False
world,ocf_at_chg1,Profit Growth,0.02159817587998268,0.8020052993522778,2.7562056262764845,156,0.03041139818092555,0.8534563701408805,6.272168412119274,0.005847622255535034,False
world,ocf_me,Value,0.032654481576049776,0.38385313504619517,1.0807744933001782,156,0.059868387816233715,0.6770487472998549,4.361685761699939,0.2797974371266605,False
world,ocfq_saleq_std,Low Risk,0.0033028749386228083,0.08999824671110754,0.2816389817924591,156,0.018920859552874838,0.20684818676452357,1.3091471385120736,0.7782203464811153,False
world,op_at,Quality,0.022602887804670305,0.40062868298764454,1.4066062403304582,156,0.030449166156454398,0.5014253803743103,3.7198754575085293,0.1595441816298242,False
world,op_atl1,Quality,0.017912407792179674,0.307679926506165,1.059041148092106,156,0.020259742668136543,0.2924784705682754,2.1745717160371965,0.2895810404011756,False
world,ope_be,Profitability,0.02498747295767057,0.5245285741790735,1.8917996904723473,156,0.031199736749267695,0.4858307544150215,3.5211585251340853,0.05851767456828072,False
world,ope_bel1,Profitability,0.014774285878070692,0.32820052897778185,1.2963177657355125,156,0.021185457448599506,0.34470517840036796,2.4575859098096005,0.19486603036674977,False
world,opex_at,Quality,0.015426274094088994,0.46551215153576053,1.3848973304072252,156,0.02501630525079606,0.38316776128126295,2.62673557402268,0.1660838634510715,False
world,pi_nix,Seasonality,-0.008441830628657008,-0.3009133480875195,-1.218507186394324,156,0.01643878799326179,0.39246335461500853,2.5389057068624408,0.22303129553121193,False
world,ppeinv_gr1a,Investment,0.01144659583848789,0.33706704220693634,0.8862488668673815,156,0.03985544146355554,0.675509829130269,4.244721364531708,0.37548343623153935,False
world,prc,Size,-0.010800738449402866,-0.16698514369961015,-0.5711962567894369,156,0.02894224377386596,0.19857947946980842,1.7152506764260134,0.5678666153183203,False
world,prc_highprc_252d,Momentum,0.05957987459999931,0.6067332312869705,2.5948783387139214,156,0.0044475838293409784,0.02584434366918203,0.23593800782802746,0.009462440675403139,False
world,qmj,Quality,0.027722912818000933,0.46552277642115214,1.5836066248235672,156,0.03792711673370925,0.5942594548347659,4.430305834808193,0.11328326541404232,False
world,qmj_growth,Quality,0.022463686457927255,0.6664601592160798,2.148456968593728,156,0.0322936335616301,0.6189573130406462,4.1409932146322745,0.031677471328278584,False
world,qmj_prof,Quality,0.022927761395077857,0.4099236826676065,1.387007562444897,156,0.035725398273992945,0.5981657635518787,4.458651317166217,0.16543945683567807,False
world,qmj_safety,Quality,0.010224189161559722,0.16508640394887386,0.5980718425635342,156,-0.007561435766266702,-0.04719235515710371,-0.43441528176937905,0.5497919972977827,False
world,rd5_at,Low Leverage,0.060189186545738044,0.8068232801256225,2.871632424440395,156,0.02311012596714275,0.20016856712899753,1.3535556635458823,0.004083576484990248,True
world,rd_me,Size,0.05985768959224265,1.042787704620736,4.0266712647504,156,0.045769641796132146,0.5035514246032596,3.786577518469539,5.657203779141362e-05,True
world,rd_sale,Low Leverage,0.04632790586351469,0.5461731565045482,1.7732312619753465,156,0.014620442709976176,0.11548545784431348,0.7913296978837295,0.07619039383171078,False
world,resff3_12_1,Momentum,0.037576741512217696,0.8508436667662889,3.813311149230254,156,0.07805420325296096,1.2088243006642911,8.858677526653695,0.00013711730841792225,True
world,resff3_6_1,Momentum,0.029922035515014635,0.6840354544535223,3.044528130408448,156,0.039821933631547006,0.6402244663616024,4.718059754867552,0.002330456349490362,True
world,ret_12_1,Momentum,0.055785068093953005,0.6768247391954909,2.6612596230075414,156,0.07577547580880664,0.48228152547426606,4.560108952264542,0.007784890466866923,False
world,ret_12_7,Profit Growth,0.030664292261002896,0.4215342255830327,1.3005840491297933,156,0.07286938982324168,0.5676323983053189,4.517888394181567,0.1934008698022034,False
world,ret_1_0,Short-Term Reversal,-0.001291220768499262,-0.01943761324325966,-0.07302584602145917,156,0.06701071466057895,0.5845893195399825,5.168267760810027,0.9417855502646619,False
world,ret_3_1,Momentum,0.016159230226575547,0.2413734996158555,0.9104776447792456,156,0.011770080833668341,0.09286187244745929,0.8229495378789483,0.3625706660965853,False
world,ret_60_12,Investment,0.0010098133203559575,0.015123521415238823,0.04491598117813431,156,0.03195113795612797,0.28563638590622376,2.197841026417956,0.9641742785620904,False
world,ret_6_1,Momentum,0.05112770285786608,0.7243672993039995,3.7714300230662583,156,0.033080717570475725,0.21985791069045146,1.8625234047325792,0.00016231467815042144,True
world,ret_9_1,Momentum,0.06015774637726786,0.7498761154080564,3.61240830470109,156,0.05593834263740225,0.3639647677272526,3.4282383201128184,0.0003033663953131427,True
world,rmax1_21d,Low Risk,0.024630094085439105,0.3108762518403568,0.9602547493688944,156,0.03399300853279617,0.24114530081972751,2.169832695114005,0.33692701813740555,False
world,rmax5_21d,Low Risk,0.02493920011261109,0.283198447855058,0.8520538884479514,156,0.03851978667389245,0.24391365139893775,2.1327109764224534,0.39418418334209093,False
world,rmax5_rvol_21d,Short-Term Reversal,0.01768864608575016,0.41283734635618646,1.542501129986474,156,0.04886917854483721,0.7315719844524318,7.251513078556809,0.12295186355827514,False
world,rskew_21d,Short-Term Reversal,0.009897550916916782,0.3354105893515461,1.1616186766960561,156,0.024238364532442474,0.6041948647619901,5.49411084543492,0.2453903921997247,False
world,rvol_21d,Low Risk,0.030479315603466346,0.308608171047148,1.0267910041971846,156,0.018982347206448577,0.11346835262536627,1.0113783823370066,0.30451888620758716,False
world,sale_bev,Quality,0.036486409316543976,0.9412025254490513,2.8910740823647174,156,0.03345638948097026,0.5529234757687386,3.7396113387824776,0.0038392760598711106,True
world,sale_emp_gr1,Profit Growth,0.005682608713590117,0.15793711561006762,0.5098442802938337,156,0.005449995809142782,0.12958511498051753,0.9383838005329505,0.610160560823515,False
world,sale_gr1,Investment,-0.006229060527562285,-0.1040153575636135,-0.2924783839822541,156,0.01326372599447818,0.17136026970941473,1.173089360235629,0.7699208847794485,False
world,sale_gr3,Investment,0.0030848750534344387,0.05692008846953763,0.17313495304754759,156,0.009506231217566203,0.12985162505828135,0.8359628756695929,0.8625453512434058,False
world,sale_me,Value,0.026536839930493265,0.3308505895535525,0.985290481972629,156,0.05499832350871277,0.5507820019926891,3.4919123376687664,0.32448140662465796,False
world,saleq_gr1,Investment,-0.021251112339594886,-0.34429512674162094,-0.9918636564394446,156,0.0026112497434703104,0.026804493716968296,0.16622971274786894,0.32126404006136067,False
world,saleq_su,Profit Growth,0.035093166248186355,0.797348342834375,2.5814788376308373,156,0.008947933239148095,0.1521605068384965,0.9362991902682909,0.009837802275932672,False
world,seas_11_15an,Seasonality,0.007037000342987099,0.19950423026061592,0.6391435879109281,156,0.027050509326881432,0.5574629792026579,4.881830742339489,0.5227295264359353,False
world,seas_11_15na,Seasonality,0.001827239268195531,0.04534611787583274,0.12560540593626332,156,0.017586778539776075,0.30262865583798076,2.4637052930403236,0.9000442835327696,False
world,seas_16_20an,Seasonality,0.02818496084177183,0.7992844576123613,2.700531698727628,156,0.026148811353730934,0.4971654801511339,3.8935045317684254,0.006922873961529685,False
world,seas_16_20na,Accruals,-0.008159181610824023,-0.22514728145308927,-0.7657410418067024,156,0.007034365489289906,0.12905921055220262,1.0437213260294542,0.4438304013697434,False
world,seas_1_1an,Profit Growth,0.003664688784908255,0.0760572377642618,0.32993031223170355,156,0.05086772254650167,0.5390244526964466,4.86578241501511,0.7414526188961377,False
world,seas_1_1na,Momentum,0.0640141188175165,0.7814904028872143,3.1806136173776554,156,0.030340057213476483,0.19839369650040128,1.675803570930544,0.0014696349763465566,True
world,seas_2_5an,Seasonality,-0.0004108603246278772,-0.008950009776152954,-0.03027370866088927,156,0.042509872596283055,0.5165595542497988,4.279865841293129,0.9758487644084859,False
world,seas_2_5na,Investment,-0.0018170401122595127,-0.026800650378879964,-0.07618381694211264,156,0.044396695081962444,0.4225694479615461,3.2651944328832005,0.9392728574782956,False
world,seas_6_10an,Seasonality,0.014436309548748484,0.4008801364105351,1.4285551748232967,156,0.047401154541269294,0.7788703206569882,6.857987474637187,0.15313212558242606,False
world,seas_6_10na,Low Risk,0.03723131715536189,0.7955977394062698,2.361059397802787,156,0.03242352346167536,0.48574052591380695,3.6310793148347438,0.01822281163183348,False
world,sti_gr1a,Seasonality,-0.008144592484466853,-0.5320950724805008,-1.5613727768189212,156,-0.0027283123886362734,-0.053591802083893074,-0.3770843625516819,0.11843582121635898,False
world,taccruals_at,Accruals,-0.0014409048954940602,-0.051625599304837386,-0.15621992002564034,156,0.024456675608416564,0.4282365283194932,3.2144025240076606,0.8758596755941781,False
world,taccruals_ni,Accruals,-0.0027430471216568467,-0.09001683275731398,-0.290117395509888,156,0.022435436629834847,0.49135895613143027,3.6516453078250524,0.7717264281451031,False
world,tangibility,Low Leverage,0.008075169707834676,0.20839425627322414,0.612371999342011,156,0.016200679750117918,0.30541608933256625,2.121752847185954,0.5402916632421921,False
world,tax_gr1a,Profit Growth,0.018019602282700952,0.5935149997299232,1.8803206164121695,156,0.013149033574988766,0.213521414222726,1.5905067844878995,0.06006439519819362,False
world,turnover_126d,Low Risk,-0.0007424915362401324,-0.010217571475146733,-0.03599966163518208,156,0.005663444538416945,0.044019876454178444,0.4090576616942959,0.97128262875668,False
world,turnover_var_126d,Profitability,0.01941726754724777,0.47997983945125233,1.4105266967462444,156,0.004468496782418572,0.05893890799498787,0.6026831301956015,0.15838421920866685,False
world,z_score,Low Leverage,-0.00043807268816886463,-0.00619577696410238,-0.01647146182271487,156,-0.002565683990857259,-0.028666370959660403,-0.1760179280082216,0.9868582691655836,False
world,zero_trades_126d,Low Risk,-0.001282163758328452,-0.017640886339424764,-0.06185598688752295,156,0.009358036032500495,0.08396968750718564,0.8232194364298033,0.9506775177166595,False
world,zero_trades_21d,Low Risk,-0.0011060298697143133,-0.016320655776075756,-0.060455674914706485,156,-0.013975294810211885,-0.12296872597969674,-1.2193887809106232,0.9517927175344689,False
world,zero_trades_252d,Low Risk,-0.0013609788883989888,-0.018752750390152347,-0.06397074378145369,156,0.0159809545935512,0.14794099991251444,1.4672813667407965,0.9489935221585639,False
